date,dateAt,storeId,productId,category,weekday,isHoliday,isPromotion,storeCapacityKnown,cups,amountExTax
2024-07-09,2024-07-09T00:00:00+09:00,STR-01,PRD-001,水出し珈琲,1,False,False,True,22,11000.0
2024-07-09,2024-07-09T00:00:00+09:00,STR-01,PRD-002,水出し珈琲,1,False,False,True,25,15000.0
2024-07-09,2024-07-09T00:00:00+09:00,STR-01,PRD-003,水出し珈琲,1,False,False,True,8,5200.0
2024-07-09,2024-07-09T00:00:00+09:00,STR-01,PRD-004,エスプレッソ,1,False,False,True,11,3850.0
2024-07-09,2024-07-09T00:00:00+09:00,STR-01,PRD-005,エスプレッソ,1,False,False,True,9,4950.0
2024-07-09,2024-07-09T00:00:00+09:00,STR-01,PRD-006,エスプレッソ,1,False,False,True,7,3500.0
2024-07-09,2024-07-09T00:00:00+09:00,STR-01,PRD-007,ドリップ珈琲,1,False,False,True,8,3200.0
2024-07-09,2024-07-09T00:00:00+09:00,STR-01,PRD-008,ドリップ珈琲,1,False,False,True,11,6050.0
2024-07-09,2024-07-09T00:00:00+09:00,STR-01,PRD-009,お茶,1,False,False,True,3,1200.0
2024-07-09,2024-07-09T00:00:00+09:00,STR-01,PRD-010,お茶,1,False,False,True,4,2200.0
2024-07-09,2024-07-09T00:00:00+09:00,STR-01,PRD-011,軽食,1,False,False,True,6,2100.0
2024-07-09,2024-07-09T00:00:00+09:00,STR-01,PRD-012,雑貨,1,False,False,True,1,2000.0
2024-07-09,2024-07-09T00:00:00+09:00,STR-02,PRD-001,水出し珈琲,1,False,False,True,12,6000.0
2024-07-09,2024-07-09T00:00:00+09:00,STR-02,PRD-002,水出し珈琲,1,False,False,True,14,8400.0
2024-07-09,2024-07-09T00:00:00+09:00,STR-02,PRD-003,水出し珈琲,1,False,False,True,11,7150.0
2024-07-09,2024-07-09T00:00:00+09:00,STR-02,PRD-004,エスプレッソ,1,False,False,True,14,4900.0
2024-07-09,2024-07-09T00:00:00+09:00,STR-02,PRD-005,エスプレッソ,1,False,False,True,3,1650.0
2024-07-09,2024-07-09T00:00:00+09:00,STR-02,PRD-006,エスプレッソ,1,False,False,True,6,3000.0
2024-07-09,2024-07-09T00:00:00+09:00,STR-02,PRD-007,ドリップ珈琲,1,False,False,True,12,4800.0
2024-07-09,2024-07-09T00:00:00+09:00,STR-02,PRD-008,ドリップ珈琲,1,False,False,True,4,2200.0
2024-07-09,2024-07-09T00:00:00+09:00,STR-02,PRD-009,お茶,1,False,False,True,5,2000.0
2024-07-09,2024-07-09T00:00:00+09:00,STR-02,PRD-010,お茶,1,False,False,True,1,550.0
2024-07-09,2024-07-09T00:00:00+09:00,STR-02,PRD-011,軽食,1,False,False,True,1,350.0
2024-07-09,2024-07-09T00:00:00+09:00,STR-02,PRD-012,雑貨,1,False,False,True,2,4000.0
2024-07-09,2024-07-09T00:00:00+09:00,STR-03,PRD-001,水出し珈琲,1,False,False,False,15,7500.0
2024-07-09,2024-07-09T00:00:00+09:00,STR-03,PRD-002,水出し珈琲,1,False,False,False,23,13800.0
2024-07-09,2024-07-09T00:00:00+09:00,STR-03,PRD-003,水出し珈琲,1,False,False,False,15,9750.0
2024-07-09,2024-07-09T00:00:00+09:00,STR-03,PRD-004,エスプレッソ,1,False,False,False,8,2800.0
2024-07-09,2024-07-09T00:00:00+09:00,STR-03,PRD-005,エスプレッソ,1,False,False,False,5,2750.0
2024-07-09,2024-07-09T00:00:00+09:00,STR-03,PRD-006,エスプレッソ,1,False,False,False,7,3500.0
2024-07-09,2024-07-09T00:00:00+09:00,STR-03,PRD-007,ドリップ珈琲,1,False,False,False,11,4400.0
2024-07-09,2024-07-09T00:00:00+09:00,STR-03,PRD-008,ドリップ珈琲,1,False,False,False,11,6050.0
2024-07-09,2024-07-09T00:00:00+09:00,STR-03,PRD-009,お茶,1,False,False,False,5,2000.0
2024-07-09,2024-07-09T00:00:00+09:00,STR-03,PRD-010,お茶,1,False,False,False,2,1100.0
2024-07-09,2024-07-09T00:00:00+09:00,STR-03,PRD-011,軽食,1,False,False,False,1,350.0
2024-07-09,2024-07-09T00:00:00+09:00,STR-03,PRD-012,雑貨,1,False,False,False,0,0.0
2024-07-09,2024-07-09T00:00:00+09:00,STR-04,PRD-001,水出し珈琲,1,False,False,True,41,20500.0
2024-07-09,2024-07-09T00:00:00+09:00,STR-04,PRD-002,水出し珈琲,1,False,False,True,30,18000.0
2024-07-09,2024-07-09T00:00:00+09:00,STR-04,PRD-003,水出し珈琲,1,False,False,True,14,9100.0
2024-07-09,2024-07-09T00:00:00+09:00,STR-04,PRD-004,エスプレッソ,1,False,False,True,11,3850.0
2024-07-09,2024-07-09T00:00:00+09:00,STR-04,PRD-005,エスプレッソ,1,False,False,True,16,8800.0
2024-07-09,2024-07-09T00:00:00+09:00,STR-04,PRD-006,エスプレッソ,1,False,False,True,12,6000.0
2024-07-09,2024-07-09T00:00:00+09:00,STR-04,PRD-007,ドリップ珈琲,1,False,False,True,16,6400.0
2024-07-09,2024-07-09T00:00:00+09:00,STR-04,PRD-008,ドリップ珈琲,1,False,False,True,14,7700.0
2024-07-09,2024-07-09T00:00:00+09:00,STR-04,PRD-009,お茶,1,False,False,True,14,5600.0
2024-07-09,2024-07-09T00:00:00+09:00,STR-04,PRD-010,お茶,1,False,False,True,8,4400.0
2024-07-09,2024-07-09T00:00:00+09:00,STR-04,PRD-011,軽食,1,False,False,True,8,2800.0
2024-07-09,2024-07-09T00:00:00+09:00,STR-04,PRD-012,雑貨,1,False,False,True,4,8000.0
2024-07-09,2024-07-09T00:00:00+09:00,STR-05,PRD-001,水出し珈琲,1,False,False,True,21,10500.0
2024-07-09,2024-07-09T00:00:00+09:00,STR-05,PRD-002,水出し珈琲,1,False,False,True,25,15000.0
2024-07-09,2024-07-09T00:00:00+09:00,STR-05,PRD-003,水出し珈琲,1,False,False,True,12,7800.0
2024-07-09,2024-07-09T00:00:00+09:00,STR-05,PRD-004,エスプレッソ,1,False,False,True,3,1050.0
2024-07-09,2024-07-09T00:00:00+09:00,STR-05,PRD-005,エスプレッソ,1,False,False,True,14,7700.0
2024-07-09,2024-07-09T00:00:00+09:00,STR-05,PRD-006,エスプレッソ,1,False,False,True,8,4000.0
2024-07-09,2024-07-09T00:00:00+09:00,STR-05,PRD-007,ドリップ珈琲,1,False,False,True,22,8800.0
2024-07-09,2024-07-09T00:00:00+09:00,STR-05,PRD-008,ドリップ珈琲,1,False,False,True,7,3850.0
2024-07-09,2024-07-09T00:00:00+09:00,STR-05,PRD-009,お茶,1,False,False,True,4,1600.0
2024-07-09,2024-07-09T00:00:00+09:00,STR-05,PRD-010,お茶,1,False,False,True,5,2750.0
2024-07-09,2024-07-09T00:00:00+09:00,STR-05,PRD-011,軽食,1,False,False,True,4,1400.0
2024-07-09,2024-07-09T00:00:00+09:00,STR-05,PRD-012,雑貨,1,False,False,True,0,0.0
2024-07-09,2024-07-09T00:00:00+09:00,STR-06,PRD-001,水出し珈琲,1,False,False,True,32,16000.0
2024-07-09,2024-07-09T00:00:00+09:00,STR-06,PRD-002,水出し珈琲,1,False,False,True,25,15000.0
2024-07-09,2024-07-09T00:00:00+09:00,STR-06,PRD-003,水出し珈琲,1,False,False,True,14,9100.0
2024-07-09,2024-07-09T00:00:00+09:00,STR-06,PRD-004,エスプレッソ,1,False,False,True,9,3150.0
2024-07-09,2024-07-09T00:00:00+09:00,STR-06,PRD-005,エスプレッソ,1,False,False,True,9,4950.0
2024-07-09,2024-07-09T00:00:00+09:00,STR-06,PRD-006,エスプレッソ,1,False,False,True,10,5000.0
2024-07-09,2024-07-09T00:00:00+09:00,STR-06,PRD-007,ドリップ珈琲,1,False,False,True,18,7200.0
2024-07-09,2024-07-09T00:00:00+09:00,STR-06,PRD-008,ドリップ珈琲,1,False,False,True,12,6600.0
2024-07-09,2024-07-09T00:00:00+09:00,STR-06,PRD-009,お茶,1,False,False,True,5,2000.0
2024-07-09,2024-07-09T00:00:00+09:00,STR-06,PRD-010,お茶,1,False,False,True,9,4950.0
2024-07-09,2024-07-09T00:00:00+09:00,STR-06,PRD-011,軽食,1,False,False,True,1,350.0
2024-07-09,2024-07-09T00:00:00+09:00,STR-06,PRD-012,雑貨,1,False,False,True,0,0.0
2024-07-10,2024-07-10T00:00:00+09:00,STR-01,PRD-001,水出し珈琲,2,False,False,True,20,10000.0
2024-07-10,2024-07-10T00:00:00+09:00,STR-01,PRD-002,水出し珈琲,2,False,False,True,20,12000.0
2024-07-10,2024-07-10T00:00:00+09:00,STR-01,PRD-003,水出し珈琲,2,False,False,True,9,5850.0
2024-07-10,2024-07-10T00:00:00+09:00,STR-01,PRD-004,エスプレッソ,2,False,False,True,10,3500.0
2024-07-10,2024-07-10T00:00:00+09:00,STR-01,PRD-005,エスプレッソ,2,False,False,True,8,4400.0
2024-07-10,2024-07-10T00:00:00+09:00,STR-01,PRD-006,エスプレッソ,2,False,False,True,10,5000.0
2024-07-10,2024-07-10T00:00:00+09:00,STR-01,PRD-007,ドリップ珈琲,2,False,False,True,10,4000.0
2024-07-10,2024-07-10T00:00:00+09:00,STR-01,PRD-008,ドリップ珈琲,2,False,False,True,8,4400.0
2024-07-10,2024-07-10T00:00:00+09:00,STR-01,PRD-009,お茶,2,False,False,True,3,1200.0
2024-07-10,2024-07-10T00:00:00+09:00,STR-01,PRD-010,お茶,2,False,False,True,11,6050.0
2024-07-10,2024-07-10T00:00:00+09:00,STR-01,PRD-011,軽食,2,False,False,True,5,1750.0
2024-07-10,2024-07-10T00:00:00+09:00,STR-01,PRD-012,雑貨,2,False,False,True,0,0.0
2024-07-10,2024-07-10T00:00:00+09:00,STR-02,PRD-001,水出し珈琲,2,False,False,True,18,9000.0
2024-07-10,2024-07-10T00:00:00+09:00,STR-02,PRD-002,水出し珈琲,2,False,False,True,23,13800.0
2024-07-10,2024-07-10T00:00:00+09:00,STR-02,PRD-003,水出し珈琲,2,False,False,True,5,3250.0
2024-07-10,2024-07-10T00:00:00+09:00,STR-02,PRD-004,エスプレッソ,2,False,False,True,5,1750.0
2024-07-10,2024-07-10T00:00:00+09:00,STR-02,PRD-005,エスプレッソ,2,False,False,True,9,4950.0
2024-07-10,2024-07-10T00:00:00+09:00,STR-02,PRD-006,エスプレッソ,2,False,False,True,5,2500.0
2024-07-10,2024-07-10T00:00:00+09:00,STR-02,PRD-007,ドリップ珈琲,2,False,False,True,8,3200.0
2024-07-10,2024-07-10T00:00:00+09:00,STR-02,PRD-008,ドリップ珈琲,2,False,False,True,7,3850.0
2024-07-10,2024-07-10T00:00:00+09:00,STR-02,PRD-009,お茶,2,False,False,True,2,800.0
2024-07-10,2024-07-10T00:00:00+09:00,STR-02,PRD-010,お茶,2,False,False,True,2,1100.0
2024-07-10,2024-07-10T00:00:00+09:00,STR-02,PRD-011,軽食,2,False,False,True,5,1750.0
2024-07-10,2024-07-10T00:00:00+09:00,STR-02,PRD-012,雑貨,2,False,False,True,0,0.0
2024-07-10,2024-07-10T00:00:00+09:00,STR-03,PRD-001,水出し珈琲,2,False,False,False,14,7000.0
2024-07-10,2024-07-10T00:00:00+09:00,STR-03,PRD-002,水出し珈琲,2,False,False,False,23,13800.0
2024-07-10,2024-07-10T00:00:00+09:00,STR-03,PRD-003,水出し珈琲,2,False,False,False,11,7150.0
2024-07-10,2024-07-10T00:00:00+09:00,STR-03,PRD-004,エスプレッソ,2,False,False,False,8,2800.0
2024-07-10,2024-07-10T00:00:00+09:00,STR-03,PRD-005,エスプレッソ,2,False,False,False,5,2750.0
2024-07-10,2024-07-10T00:00:00+09:00,STR-03,PRD-006,エスプレッソ,2,False,False,False,9,4500.0
2024-07-10,2024-07-10T00:00:00+09:00,STR-03,PRD-007,ドリップ珈琲,2,False,False,False,12,4800.0
2024-07-10,2024-07-10T00:00:00+09:00,STR-03,PRD-008,ドリップ珈琲,2,False,False,False,5,2750.0
2024-07-10,2024-07-10T00:00:00+09:00,STR-03,PRD-009,お茶,2,False,False,False,5,2000.0
2024-07-10,2024-07-10T00:00:00+09:00,STR-03,PRD-010,お茶,2,False,False,False,6,3300.0
2024-07-10,2024-07-10T00:00:00+09:00,STR-03,PRD-011,軽食,2,False,False,False,0,0.0
2024-07-10,2024-07-10T00:00:00+09:00,STR-03,PRD-012,雑貨,2,False,False,False,1,2000.0
2024-07-10,2024-07-10T00:00:00+09:00,STR-04,PRD-001,水出し珈琲,2,False,False,True,33,16500.0
2024-07-10,2024-07-10T00:00:00+09:00,STR-04,PRD-002,水出し珈琲,2,False,False,True,55,33000.0
2024-07-10,2024-07-10T00:00:00+09:00,STR-04,PRD-003,水出し珈琲,2,False,False,True,26,16900.0
2024-07-10,2024-07-10T00:00:00+09:00,STR-04,PRD-004,エスプレッソ,2,False,False,True,17,5950.0
2024-07-10,2024-07-10T00:00:00+09:00,STR-04,PRD-005,エスプレッソ,2,False,False,True,26,14300.0
2024-07-10,2024-07-10T00:00:00+09:00,STR-04,PRD-006,エスプレッソ,2,False,False,True,10,5000.0
2024-07-10,2024-07-10T00:00:00+09:00,STR-04,PRD-007,ドリップ珈琲,2,False,False,True,20,8000.0
2024-07-10,2024-07-10T00:00:00+09:00,STR-04,PRD-008,ドリップ珈琲,2,False,False,True,13,7150.0
2024-07-10,2024-07-10T00:00:00+09:00,STR-04,PRD-009,お茶,2,False,False,True,8,3200.0
2024-07-10,2024-07-10T00:00:00+09:00,STR-04,PRD-010,お茶,2,False,False,True,3,1650.0
2024-07-10,2024-07-10T00:00:00+09:00,STR-04,PRD-011,軽食,2,False,False,True,4,1400.0
2024-07-10,2024-07-10T00:00:00+09:00,STR-04,PRD-012,雑貨,2,False,False,True,2,4000.0
2024-07-10,2024-07-10T00:00:00+09:00,STR-05,PRD-001,水出し珈琲,2,False,False,True,28,14000.0
2024-07-10,2024-07-10T00:00:00+09:00,STR-05,PRD-002,水出し珈琲,2,False,False,True,38,22800.0
2024-07-10,2024-07-10T00:00:00+09:00,STR-05,PRD-003,水出し珈琲,2,False,False,True,11,7150.0
2024-07-10,2024-07-10T00:00:00+09:00,STR-05,PRD-004,エスプレッソ,2,False,False,True,9,3150.0
2024-07-10,2024-07-10T00:00:00+09:00,STR-05,PRD-005,エスプレッソ,2,False,False,True,22,12100.0
2024-07-10,2024-07-10T00:00:00+09:00,STR-05,PRD-006,エスプレッソ,2,False,False,True,8,4000.0
2024-07-10,2024-07-10T00:00:00+09:00,STR-05,PRD-007,ドリップ珈琲,2,False,False,True,22,8800.0
2024-07-10,2024-07-10T00:00:00+09:00,STR-05,PRD-008,ドリップ珈琲,2,False,False,True,8,4400.0
2024-07-10,2024-07-10T00:00:00+09:00,STR-05,PRD-009,お茶,2,False,False,True,7,2800.0
2024-07-10,2024-07-10T00:00:00+09:00,STR-05,PRD-010,お茶,2,False,False,True,8,4400.0
2024-07-10,2024-07-10T00:00:00+09:00,STR-05,PRD-011,軽食,2,False,False,True,10,3500.0
2024-07-10,2024-07-10T00:00:00+09:00,STR-05,PRD-012,雑貨,2,False,False,True,1,2000.0
2024-07-10,2024-07-10T00:00:00+09:00,STR-06,PRD-001,水出し珈琲,2,False,False,True,16,8000.0
2024-07-10,2024-07-10T00:00:00+09:00,STR-06,PRD-002,水出し珈琲,2,False,False,True,41,24600.0
2024-07-10,2024-07-10T00:00:00+09:00,STR-06,PRD-003,水出し珈琲,2,False,False,True,22,14300.0
2024-07-10,2024-07-10T00:00:00+09:00,STR-06,PRD-004,エスプレッソ,2,False,False,True,12,4200.0
2024-07-10,2024-07-10T00:00:00+09:00,STR-06,PRD-005,エスプレッソ,2,False,False,True,12,6600.0
2024-07-10,2024-07-10T00:00:00+09:00,STR-06,PRD-006,エスプレッソ,2,False,False,True,9,4500.0
2024-07-10,2024-07-10T00:00:00+09:00,STR-06,PRD-007,ドリップ珈琲,2,False,False,True,10,4000.0
2024-07-10,2024-07-10T00:00:00+09:00,STR-06,PRD-008,ドリップ珈琲,2,False,False,True,9,4950.0
2024-07-10,2024-07-10T00:00:00+09:00,STR-06,PRD-009,お茶,2,False,False,True,12,4800.0
2024-07-10,2024-07-10T00:00:00+09:00,STR-06,PRD-010,お茶,2,False,False,True,5,2750.0
2024-07-10,2024-07-10T00:00:00+09:00,STR-06,PRD-011,軽食,2,False,False,True,6,2100.0
2024-07-10,2024-07-10T00:00:00+09:00,STR-06,PRD-012,雑貨,2,False,False,True,1,2000.0
2024-07-11,2024-07-11T00:00:00+09:00,STR-01,PRD-001,水出し珈琲,3,False,False,True,18,9000.0
2024-07-11,2024-07-11T00:00:00+09:00,STR-01,PRD-002,水出し珈琲,3,False,False,True,28,16800.0
2024-07-11,2024-07-11T00:00:00+09:00,STR-01,PRD-003,水出し珈琲,3,False,False,True,11,7150.0
2024-07-11,2024-07-11T00:00:00+09:00,STR-01,PRD-004,エスプレッソ,3,False,False,True,11,3850.0
2024-07-11,2024-07-11T00:00:00+09:00,STR-01,PRD-005,エスプレッソ,3,False,False,True,12,6600.0
2024-07-11,2024-07-11T00:00:00+09:00,STR-01,PRD-006,エスプレッソ,3,False,False,True,11,5500.0
2024-07-11,2024-07-11T00:00:00+09:00,STR-01,PRD-007,ドリップ珈琲,3,False,False,True,12,4800.0
2024-07-11,2024-07-11T00:00:00+09:00,STR-01,PRD-008,ドリップ珈琲,3,False,False,True,5,2750.0
2024-07-11,2024-07-11T00:00:00+09:00,STR-01,PRD-009,お茶,3,False,False,True,5,2000.0
2024-07-11,2024-07-11T00:00:00+09:00,STR-01,PRD-010,お茶,3,False,False,True,6,3300.0
2024-07-11,2024-07-11T00:00:00+09:00,STR-01,PRD-011,軽食,3,False,False,True,2,700.0
2024-07-11,2024-07-11T00:00:00+09:00,STR-01,PRD-012,雑貨,3,False,False,True,1,2000.0
2024-07-11,2024-07-11T00:00:00+09:00,STR-02,PRD-001,水出し珈琲,3,False,False,True,15,7500.0
2024-07-11,2024-07-11T00:00:00+09:00,STR-02,PRD-002,水出し珈琲,3,False,False,True,24,14400.0
2024-07-11,2024-07-11T00:00:00+09:00,STR-02,PRD-003,水出し珈琲,3,False,False,True,9,5850.0
2024-07-11,2024-07-11T00:00:00+09:00,STR-02,PRD-004,エスプレッソ,3,False,False,True,4,1400.0
2024-07-11,2024-07-11T00:00:00+09:00,STR-02,PRD-005,エスプレッソ,3,False,False,True,14,7700.0
2024-07-11,2024-07-11T00:00:00+09:00,STR-02,PRD-006,エスプレッソ,3,False,False,True,7,3500.0
2024-07-11,2024-07-11T00:00:00+09:00,STR-02,PRD-007,ドリップ珈琲,3,False,False,True,10,4000.0
2024-07-11,2024-07-11T00:00:00+09:00,STR-02,PRD-008,ドリップ珈琲,3,False,False,True,5,2750.0
2024-07-11,2024-07-11T00:00:00+09:00,STR-02,PRD-009,お茶,3,False,False,True,6,2400.0
2024-07-11,2024-07-11T00:00:00+09:00,STR-02,PRD-010,お茶,3,False,False,True,5,2750.0
2024-07-11,2024-07-11T00:00:00+09:00,STR-02,PRD-011,軽食,3,False,False,True,3,1050.0
2024-07-11,2024-07-11T00:00:00+09:00,STR-02,PRD-012,雑貨,3,False,False,True,0,0.0
2024-07-11,2024-07-11T00:00:00+09:00,STR-03,PRD-001,水出し珈琲,3,False,False,False,24,12000.0
2024-07-11,2024-07-11T00:00:00+09:00,STR-03,PRD-002,水出し珈琲,3,False,False,False,22,13200.0
2024-07-11,2024-07-11T00:00:00+09:00,STR-03,PRD-003,水出し珈琲,3,False,False,False,15,9750.0
2024-07-11,2024-07-11T00:00:00+09:00,STR-03,PRD-004,エスプレッソ,3,False,False,False,6,2100.0
2024-07-11,2024-07-11T00:00:00+09:00,STR-03,PRD-005,エスプレッソ,3,False,False,False,6,3300.0
2024-07-11,2024-07-11T00:00:00+09:00,STR-03,PRD-006,エスプレッソ,3,False,False,False,6,3000.0
2024-07-11,2024-07-11T00:00:00+09:00,STR-03,PRD-007,ドリップ珈琲,3,False,False,False,10,4000.0
2024-07-11,2024-07-11T00:00:00+09:00,STR-03,PRD-008,ドリップ珈琲,3,False,False,False,6,3300.0
2024-07-11,2024-07-11T00:00:00+09:00,STR-03,PRD-009,お茶,3,False,False,False,2,800.0
2024-07-11,2024-07-11T00:00:00+09:00,STR-03,PRD-010,お茶,3,False,False,False,2,1100.0
2024-07-11,2024-07-11T00:00:00+09:00,STR-03,PRD-011,軽食,3,False,False,False,3,1050.0
2024-07-11,2024-07-11T00:00:00+09:00,STR-03,PRD-012,雑貨,3,False,False,False,1,2000.0
2024-07-11,2024-07-11T00:00:00+09:00,STR-04,PRD-001,水出し珈琲,3,False,False,True,47,23500.0
2024-07-11,2024-07-11T00:00:00+09:00,STR-04,PRD-002,水出し珈琲,3,False,False,True,55,33000.0
2024-07-11,2024-07-11T00:00:00+09:00,STR-04,PRD-003,水出し珈琲,3,False,False,True,26,16900.0
2024-07-11,2024-07-11T00:00:00+09:00,STR-04,PRD-004,エスプレッソ,3,False,False,True,6,2100.0
2024-07-11,2024-07-11T00:00:00+09:00,STR-04,PRD-005,エスプレッソ,3,False,False,True,23,12650.0
2024-07-11,2024-07-11T00:00:00+09:00,STR-04,PRD-006,エスプレッソ,3,False,False,True,21,10500.0
2024-07-11,2024-07-11T00:00:00+09:00,STR-04,PRD-007,ドリップ珈琲,3,False,False,True,24,9600.0
2024-07-11,2024-07-11T00:00:00+09:00,STR-04,PRD-008,ドリップ珈琲,3,False,False,True,17,9350.0
2024-07-11,2024-07-11T00:00:00+09:00,STR-04,PRD-009,お茶,3,False,False,True,6,2400.0
2024-07-11,2024-07-11T00:00:00+09:00,STR-04,PRD-010,お茶,3,False,False,True,10,5500.0
2024-07-11,2024-07-11T00:00:00+09:00,STR-04,PRD-011,軽食,3,False,False,True,7,2450.0
2024-07-11,2024-07-11T00:00:00+09:00,STR-04,PRD-012,雑貨,3,False,False,True,1,2000.0
2024-07-11,2024-07-11T00:00:00+09:00,STR-05,PRD-001,水出し珈琲,3,False,False,True,26,13000.0
2024-07-11,2024-07-11T00:00:00+09:00,STR-05,PRD-002,水出し珈琲,3,False,False,True,25,15000.0
2024-07-11,2024-07-11T00:00:00+09:00,STR-05,PRD-003,水出し珈琲,3,False,False,True,17,11050.0
2024-07-11,2024-07-11T00:00:00+09:00,STR-05,PRD-004,エスプレッソ,3,False,False,True,11,3850.0
2024-07-11,2024-07-11T00:00:00+09:00,STR-05,PRD-005,エスプレッソ,3,False,False,True,16,8800.0
2024-07-11,2024-07-11T00:00:00+09:00,STR-05,PRD-006,エスプレッソ,3,False,False,True,11,5500.0
2024-07-11,2024-07-11T00:00:00+09:00,STR-05,PRD-007,ドリップ珈琲,3,False,False,True,16,6400.0
2024-07-11,2024-07-11T00:00:00+09:00,STR-05,PRD-008,ドリップ珈琲,3,False,False,True,15,8250.0
2024-07-11,2024-07-11T00:00:00+09:00,STR-05,PRD-009,お茶,3,False,False,True,10,4000.0
2024-07-11,2024-07-11T00:00:00+09:00,STR-05,PRD-010,お茶,3,False,False,True,7,3850.0
2024-07-11,2024-07-11T00:00:00+09:00,STR-05,PRD-011,軽食,3,False,False,True,7,2450.0
2024-07-11,2024-07-11T00:00:00+09:00,STR-05,PRD-012,雑貨,3,False,False,True,2,4000.0
2024-07-11,2024-07-11T00:00:00+09:00,STR-06,PRD-001,水出し珈琲,3,False,False,True,23,11500.0
2024-07-11,2024-07-11T00:00:00+09:00,STR-06,PRD-002,水出し珈琲,3,False,False,True,36,21600.0
2024-07-11,2024-07-11T00:00:00+09:00,STR-06,PRD-003,水出し珈琲,3,False,False,True,24,15600.0
2024-07-11,2024-07-11T00:00:00+09:00,STR-06,PRD-004,エスプレッソ,3,False,False,True,7,2450.0
2024-07-11,2024-07-11T00:00:00+09:00,STR-06,PRD-005,エスプレッソ,3,False,False,True,7,3850.0
2024-07-11,2024-07-11T00:00:00+09:00,STR-06,PRD-006,エスプレッソ,3,False,False,True,6,3000.0
2024-07-11,2024-07-11T00:00:00+09:00,STR-06,PRD-007,ドリップ珈琲,3,False,False,True,10,4000.0
2024-07-11,2024-07-11T00:00:00+09:00,STR-06,PRD-008,ドリップ珈琲,3,False,False,True,10,5500.0
2024-07-11,2024-07-11T00:00:00+09:00,STR-06,PRD-009,お茶,3,False,False,True,2,800.0
2024-07-11,2024-07-11T00:00:00+09:00,STR-06,PRD-010,お茶,3,False,False,True,4,2200.0
2024-07-11,2024-07-11T00:00:00+09:00,STR-06,PRD-011,軽食,3,False,False,True,9,3150.0
2024-07-11,2024-07-11T00:00:00+09:00,STR-06,PRD-012,雑貨,3,False,False,True,0,0.0
2024-07-12,2024-07-12T00:00:00+09:00,STR-01,PRD-001,水出し珈琲,4,False,False,True,27,13500.0
2024-07-12,2024-07-12T00:00:00+09:00,STR-01,PRD-002,水出し珈琲,4,False,False,True,41,24600.0
2024-07-12,2024-07-12T00:00:00+09:00,STR-01,PRD-003,水出し珈琲,4,False,False,True,10,6500.0
2024-07-12,2024-07-12T00:00:00+09:00,STR-01,PRD-004,エスプレッソ,4,False,False,True,9,3150.0
2024-07-12,2024-07-12T00:00:00+09:00,STR-01,PRD-005,エスプレッソ,4,False,False,True,13,7150.0
2024-07-12,2024-07-12T00:00:00+09:00,STR-01,PRD-006,エスプレッソ,4,False,False,True,13,6500.0
2024-07-12,2024-07-12T00:00:00+09:00,STR-01,PRD-007,ドリップ珈琲,4,False,False,True,13,5200.0
2024-07-12,2024-07-12T00:00:00+09:00,STR-01,PRD-008,ドリップ珈琲,4,False,False,True,11,6050.0
2024-07-12,2024-07-12T00:00:00+09:00,STR-01,PRD-009,お茶,4,False,False,True,0,0.0
2024-07-12,2024-07-12T00:00:00+09:00,STR-01,PRD-010,お茶,4,False,False,True,7,3850.0
2024-07-12,2024-07-12T00:00:00+09:00,STR-01,PRD-011,軽食,4,False,False,True,4,1400.0
2024-07-12,2024-07-12T00:00:00+09:00,STR-01,PRD-012,雑貨,4,False,False,True,1,2000.0
2024-07-12,2024-07-12T00:00:00+09:00,STR-02,PRD-001,水出し珈琲,4,False,False,True,22,11000.0
2024-07-12,2024-07-12T00:00:00+09:00,STR-02,PRD-002,水出し珈琲,4,False,False,True,23,13800.0
2024-07-12,2024-07-12T00:00:00+09:00,STR-02,PRD-003,水出し珈琲,4,False,False,True,14,9100.0
2024-07-12,2024-07-12T00:00:00+09:00,STR-02,PRD-004,エスプレッソ,4,False,False,True,5,1750.0
2024-07-12,2024-07-12T00:00:00+09:00,STR-02,PRD-005,エスプレッソ,4,False,False,True,13,7150.0
2024-07-12,2024-07-12T00:00:00+09:00,STR-02,PRD-006,エスプレッソ,4,False,False,True,9,4500.0
2024-07-12,2024-07-12T00:00:00+09:00,STR-02,PRD-007,ドリップ珈琲,4,False,False,True,16,6400.0
2024-07-12,2024-07-12T00:00:00+09:00,STR-02,PRD-008,ドリップ珈琲,4,False,False,True,11,6050.0
2024-07-12,2024-07-12T00:00:00+09:00,STR-02,PRD-009,お茶,4,False,False,True,2,800.0
2024-07-12,2024-07-12T00:00:00+09:00,STR-02,PRD-010,お茶,4,False,False,True,9,4950.0
2024-07-12,2024-07-12T00:00:00+09:00,STR-02,PRD-011,軽食,4,False,False,True,6,2100.0
2024-07-12,2024-07-12T00:00:00+09:00,STR-02,PRD-012,雑貨,4,False,False,True,1,2000.0
2024-07-12,2024-07-12T00:00:00+09:00,STR-03,PRD-001,水出し珈琲,4,False,False,False,26,13000.0
2024-07-12,2024-07-12T00:00:00+09:00,STR-03,PRD-002,水出し珈琲,4,False,False,False,21,12600.0
2024-07-12,2024-07-12T00:00:00+09:00,STR-03,PRD-003,水出し珈琲,4,False,False,False,11,7150.0
2024-07-12,2024-07-12T00:00:00+09:00,STR-03,PRD-004,エスプレッソ,4,False,False,False,5,1750.0
2024-07-12,2024-07-12T00:00:00+09:00,STR-03,PRD-005,エスプレッソ,4,False,False,False,11,6050.0
2024-07-12,2024-07-12T00:00:00+09:00,STR-03,PRD-006,エスプレッソ,4,False,False,False,6,3000.0
2024-07-12,2024-07-12T00:00:00+09:00,STR-03,PRD-007,ドリップ珈琲,4,False,False,False,11,4400.0
2024-07-12,2024-07-12T00:00:00+09:00,STR-03,PRD-008,ドリップ珈琲,4,False,False,False,10,5500.0
2024-07-12,2024-07-12T00:00:00+09:00,STR-03,PRD-009,お茶,4,False,False,False,2,800.0
2024-07-12,2024-07-12T00:00:00+09:00,STR-03,PRD-010,お茶,4,False,False,False,2,1100.0
2024-07-12,2024-07-12T00:00:00+09:00,STR-03,PRD-011,軽食,4,False,False,False,2,700.0
2024-07-12,2024-07-12T00:00:00+09:00,STR-03,PRD-012,雑貨,4,False,False,False,0,0.0
2024-07-12,2024-07-12T00:00:00+09:00,STR-04,PRD-001,水出し珈琲,4,False,False,True,33,16500.0
2024-07-12,2024-07-12T00:00:00+09:00,STR-04,PRD-002,水出し珈琲,4,False,False,True,72,43200.0
2024-07-12,2024-07-12T00:00:00+09:00,STR-04,PRD-003,水出し珈琲,4,False,False,True,16,10400.0
2024-07-12,2024-07-12T00:00:00+09:00,STR-04,PRD-004,エスプレッソ,4,False,False,True,20,7000.0
2024-07-12,2024-07-12T00:00:00+09:00,STR-04,PRD-005,エスプレッソ,4,False,False,True,20,11000.0
2024-07-12,2024-07-12T00:00:00+09:00,STR-04,PRD-006,エスプレッソ,4,False,False,True,14,7000.0
2024-07-12,2024-07-12T00:00:00+09:00,STR-04,PRD-007,ドリップ珈琲,4,False,False,True,22,8800.0
2024-07-12,2024-07-12T00:00:00+09:00,STR-04,PRD-008,ドリップ珈琲,4,False,False,True,16,8800.0
2024-07-12,2024-07-12T00:00:00+09:00,STR-04,PRD-009,お茶,4,False,False,True,3,1200.0
2024-07-12,2024-07-12T00:00:00+09:00,STR-04,PRD-010,お茶,4,False,False,True,6,3300.0
2024-07-12,2024-07-12T00:00:00+09:00,STR-04,PRD-011,軽食,4,False,False,True,9,3150.0
2024-07-12,2024-07-12T00:00:00+09:00,STR-04,PRD-012,雑貨,4,False,False,True,1,2000.0
2024-07-12,2024-07-12T00:00:00+09:00,STR-05,PRD-001,水出し珈琲,4,False,False,True,34,17000.0
2024-07-12,2024-07-12T00:00:00+09:00,STR-05,PRD-002,水出し珈琲,4,False,False,True,35,21000.0
2024-07-12,2024-07-12T00:00:00+09:00,STR-05,PRD-003,水出し珈琲,4,False,False,True,13,8450.0
2024-07-12,2024-07-12T00:00:00+09:00,STR-05,PRD-004,エスプレッソ,4,False,False,True,14,4900.0
2024-07-12,2024-07-12T00:00:00+09:00,STR-05,PRD-005,エスプレッソ,4,False,False,True,14,7700.0
2024-07-12,2024-07-12T00:00:00+09:00,STR-05,PRD-006,エスプレッソ,4,False,False,True,13,6500.0
2024-07-12,2024-07-12T00:00:00+09:00,STR-05,PRD-007,ドリップ珈琲,4,False,False,True,12,4800.0
2024-07-12,2024-07-12T00:00:00+09:00,STR-05,PRD-008,ドリップ珈琲,4,False,False,True,12,6600.0
2024-07-12,2024-07-12T00:00:00+09:00,STR-05,PRD-009,お茶,4,False,False,True,4,1600.0
2024-07-12,2024-07-12T00:00:00+09:00,STR-05,PRD-010,お茶,4,False,False,True,14,7700.0
2024-07-12,2024-07-12T00:00:00+09:00,STR-05,PRD-011,軽食,4,False,False,True,3,1050.0
2024-07-12,2024-07-12T00:00:00+09:00,STR-05,PRD-012,雑貨,4,False,False,True,1,2000.0
2024-07-12,2024-07-12T00:00:00+09:00,STR-06,PRD-001,水出し珈琲,4,False,False,True,29,14500.0
2024-07-12,2024-07-12T00:00:00+09:00,STR-06,PRD-002,水出し珈琲,4,False,False,True,31,18600.0
2024-07-12,2024-07-12T00:00:00+09:00,STR-06,PRD-003,水出し珈琲,4,False,False,True,18,11700.0
2024-07-12,2024-07-12T00:00:00+09:00,STR-06,PRD-004,エスプレッソ,4,False,False,True,17,5950.0
2024-07-12,2024-07-12T00:00:00+09:00,STR-06,PRD-005,エスプレッソ,4,False,False,True,9,4950.0
2024-07-12,2024-07-12T00:00:00+09:00,STR-06,PRD-006,エスプレッソ,4,False,False,True,11,5500.0
2024-07-12,2024-07-12T00:00:00+09:00,STR-06,PRD-007,ドリップ珈琲,4,False,False,True,18,7200.0
2024-07-12,2024-07-12T00:00:00+09:00,STR-06,PRD-008,ドリップ珈琲,4,False,False,True,8,4400.0
2024-07-12,2024-07-12T00:00:00+09:00,STR-06,PRD-009,お茶,4,False,False,True,11,4400.0
2024-07-12,2024-07-12T00:00:00+09:00,STR-06,PRD-010,お茶,4,False,False,True,6,3300.0
2024-07-12,2024-07-12T00:00:00+09:00,STR-06,PRD-011,軽食,4,False,False,True,4,1400.0
2024-07-12,2024-07-12T00:00:00+09:00,STR-06,PRD-012,雑貨,4,False,False,True,0,0.0
2024-07-13,2024-07-13T00:00:00+09:00,STR-01,PRD-001,水出し珈琲,5,False,False,True,26,13000.0
2024-07-13,2024-07-13T00:00:00+09:00,STR-01,PRD-002,水出し珈琲,5,False,False,True,29,17400.0
2024-07-13,2024-07-13T00:00:00+09:00,STR-01,PRD-003,水出し珈琲,5,False,False,True,14,9100.0
2024-07-13,2024-07-13T00:00:00+09:00,STR-01,PRD-004,エスプレッソ,5,False,False,True,10,3500.0
2024-07-13,2024-07-13T00:00:00+09:00,STR-01,PRD-005,エスプレッソ,5,False,False,True,12,6600.0
2024-07-13,2024-07-13T00:00:00+09:00,STR-01,PRD-006,エスプレッソ,5,False,False,True,13,6500.0
2024-07-13,2024-07-13T00:00:00+09:00,STR-01,PRD-007,ドリップ珈琲,5,False,False,True,21,8400.0
2024-07-13,2024-07-13T00:00:00+09:00,STR-01,PRD-008,ドリップ珈琲,5,False,False,True,12,6600.0
2024-07-13,2024-07-13T00:00:00+09:00,STR-01,PRD-009,お茶,5,False,False,True,6,2400.0
2024-07-13,2024-07-13T00:00:00+09:00,STR-01,PRD-010,お茶,5,False,False,True,2,1100.0
2024-07-13,2024-07-13T00:00:00+09:00,STR-01,PRD-011,軽食,5,False,False,True,2,700.0
2024-07-13,2024-07-13T00:00:00+09:00,STR-01,PRD-012,雑貨,5,False,False,True,3,6000.0
