id,supplierId,storeId,expectedAt,arrivedAt,status,plannedLeadHours,distanceKm,weekday,month,isHoliday,orderedUnits,precipitationMm,supplierPriorDelayRate30d,storeCoverDays,delayed,delayHours,reason
SHP-ML-0001,SUP-04,STR-03,2025-07-09T13:26:24+09:00,2025-07-10T03:32:24+09:00,arrived,5.44,57.6,2,7,False,82,0.0,,3.0,True,14.1,合成履歴。遅延
SHP-ML-0002,SUP-03,STR-05,2025-07-10T12:38:24+09:00,2025-07-11T01:50:24+09:00,arrived,4.64,25.7,3,7,False,27,6.5,,2.0,True,13.2,合成履歴。遅延
SHP-ML-0003,SUP-04,STR-04,2025-07-10T12:58:48+09:00,2025-07-10T12:58:48+09:00,arrived,4.98,39.2,3,7,False,66,6.5,1.0,1.0,False,0.0,合成履歴。定刻到着
SHP-ML-0004,SUP-05,STR-06,2025-07-10T15:07:12+09:00,2025-07-10T15:07:12+09:00,arrived,7.12,125.0,3,7,False,58,6.5,,1.5,False,0.0,合成履歴。定刻到着
SHP-ML-0005,SUP-03,STR-02,2025-07-11T12:16:12+09:00,2025-07-11T12:16:12+09:00,arrived,4.27,10.9,4,7,False,85,24.8,1.0,2.5,False,0.0,合成履歴。定刻到着
SHP-ML-0006,SUP-01,STR-06,2025-07-11T12:37:12+09:00,2025-07-11T12:37:12+09:00,arrived,4.62,25.0,4,7,False,65,24.8,,1.5,False,0.0,合成履歴。定刻到着
SHP-ML-0007,SUP-01,STR-06,2025-07-11T12:37:12+09:00,2025-07-12T00:37:12+09:00,arrived,4.62,25.0,4,7,False,75,24.8,,1.5,True,12.0,合成履歴。遅延
SHP-ML-0008,SUP-02,STR-06,2025-07-11T12:37:48+09:00,2025-07-13T23:13:48+09:00,arrived,4.63,25.4,4,7,False,77,24.8,,1.5,True,58.6,合成履歴。遅延
SHP-ML-0009,SUP-01,STR-03,2025-07-13T12:31:48+09:00,2025-07-14T09:43:48+09:00,arrived,4.53,21.2,6,7,False,69,38.8,0.5,3.0,True,21.2,合成履歴。遅延
SHP-ML-0010,SUP-02,STR-03,2025-07-13T13:01:12+09:00,2025-07-14T10:13:12+09:00,arrived,5.02,40.9,6,7,False,43,38.8,1.0,3.0,True,21.2,合成履歴。遅延
SHP-ML-0011,SUP-02,STR-05,2025-07-13T13:05:24+09:00,2025-07-14T00:53:24+09:00,arrived,5.09,43.6,6,7,False,27,38.8,1.0,2.0,True,11.8,合成履歴。遅延
SHP-ML-0012,SUP-02,STR-06,2025-07-14T12:37:48+09:00,2025-07-14T12:37:48+09:00,arrived,4.63,25.4,0,7,False,67,4.6,1.0,1.5,False,0.0,合成履歴。定刻到着
SHP-ML-0013,SUP-01,STR-01,2025-07-15T12:05:24+09:00,2025-07-15T12:05:24+09:00,arrived,4.09,3.8,1,7,False,70,0.0,0.6667,2.0,False,0.0,合成履歴。定刻到着
SHP-ML-0014,SUP-01,STR-04,2025-07-16T12:26:24+09:00,2025-07-16T12:26:24+09:00,arrived,4.44,17.6,2,7,False,48,0.0,0.5,1.0,False,0.0,合成履歴。定刻到着
SHP-ML-0015,SUP-04,STR-03,2025-07-16T13:26:24+09:00,2025-07-16T13:26:24+09:00,arrived,5.44,57.6,2,7,False,21,0.0,0.5,3.0,False,0.0,合成履歴。定刻到着
SHP-ML-0016,SUP-05,STR-04,2025-07-16T15:42:00+09:00,2025-07-17T11:48:00+09:00,arrived,7.7,147.8,2,7,False,39,0.0,0.0,1.0,True,20.1,合成履歴。遅延
SHP-ML-0017,SUP-02,STR-01,2025-07-17T12:36:00+09:00,2025-07-17T12:36:00+09:00,arrived,4.6,23.9,3,7,False,60,40.5,0.75,2.0,False,0.0,合成履歴。定刻到着
SHP-ML-0018,SUP-01,STR-03,2025-07-18T12:31:48+09:00,2025-07-18T22:55:48+09:00,arrived,4.53,21.2,4,7,False,31,0.0,0.4,3.0,True,10.4,合成履歴。遅延
SHP-ML-0019,SUP-04,STR-04,2025-07-18T12:58:48+09:00,2025-07-18T19:28:48+09:00,arrived,4.98,39.2,4,7,False,23,0.0,0.3333,1.0,True,6.5,合成履歴。遅延
SHP-ML-0020,SUP-03,STR-02,2025-07-19T12:16:12+09:00,2025-07-19T12:16:12+09:00,arrived,4.27,10.9,5,7,False,48,0.3,0.5,2.5,False,0.0,合成履歴。定刻到着
SHP-ML-0021,SUP-02,STR-01,2025-07-19T12:36:00+09:00,2025-07-19T12:36:00+09:00,arrived,4.6,23.9,5,7,False,28,0.3,0.6,2.0,False,0.0,合成履歴。定刻到着
SHP-ML-0022,SUP-02,STR-04,2025-07-19T12:55:48+09:00,2025-07-19T12:55:48+09:00,arrived,4.93,37.1,5,7,False,41,0.3,0.5,1.0,False,0.0,合成履歴。定刻到着
SHP-ML-0023,SUP-02,STR-01,2025-07-20T12:36:00+09:00,2025-07-20T12:36:00+09:00,arrived,4.6,23.9,6,7,False,67,28.3,0.4286,2.0,False,0.0,合成履歴。定刻到着
SHP-ML-0024,SUP-03,STR-06,2025-07-20T12:46:48+09:00,2025-07-20T12:46:48+09:00,arrived,4.78,31.1,6,7,False,52,28.3,0.3333,1.5,False,0.0,合成履歴。定刻到着
SHP-ML-0025,SUP-03,STR-01,2025-07-24T12:28:48+09:00,2025-07-25T03:16:48+09:00,arrived,4.48,19.3,3,7,False,76,12.3,0.25,2.0,True,14.8,合成履歴。遅延
SHP-ML-0026,SUP-02,STR-03,2025-07-24T13:01:12+09:00,2025-07-25T18:01:12+09:00,arrived,5.02,40.9,3,7,False,51,12.3,0.375,3.0,True,29.0,合成履歴。遅延
SHP-ML-0027,SUP-05,STR-03,2025-07-24T15:47:24+09:00,2025-07-25T18:41:24+09:00,arrived,7.79,151.5,3,7,False,70,12.3,0.5,3.0,True,26.9,合成履歴。遅延
SHP-ML-0028,SUP-02,STR-01,2025-07-25T12:36:00+09:00,2025-07-25T12:36:00+09:00,arrived,4.6,23.9,4,7,False,94,0.9,0.4444,2.0,False,0.0,合成履歴。定刻到着
SHP-ML-0029,SUP-01,STR-06,2025-07-26T12:37:12+09:00,2025-07-26T12:37:12+09:00,arrived,4.62,25.0,5,7,False,72,17.1,0.5,1.5,False,0.0,合成履歴。定刻到着
SHP-ML-0030,SUP-05,STR-02,2025-07-26T15:30:36+09:00,2025-07-26T15:30:36+09:00,arrived,7.51,140.4,5,7,False,45,17.1,0.6667,2.5,False,0.0,合成履歴。定刻到着
SHP-ML-0031,SUP-03,STR-01,2025-07-27T12:28:48+09:00,2025-07-27T20:16:48+09:00,arrived,4.48,19.3,6,7,False,62,17.0,0.4,2.0,True,7.8,合成履歴。遅延
SHP-ML-0032,SUP-02,STR-02,2025-07-27T12:45:36+09:00,2025-07-27T22:39:36+09:00,arrived,4.76,30.4,6,7,False,57,17.0,0.4,2.5,True,9.9,合成履歴。遅延
SHP-ML-0033,SUP-03,STR-04,2025-07-28T12:04:48+09:00,2025-07-28T12:04:48+09:00,arrived,4.08,3.2,0,7,False,72,0.0,0.5,1.0,False,0.0,合成履歴。定刻到着
SHP-ML-0034,SUP-03,STR-01,2025-07-28T12:28:48+09:00,2025-07-28T22:52:48+09:00,arrived,4.48,19.3,0,7,False,83,0.0,0.4286,2.0,True,10.4,合成履歴。遅延
SHP-ML-0035,SUP-01,STR-05,2025-07-29T12:37:48+09:00,2025-07-29T12:37:48+09:00,arrived,4.63,25.4,1,7,False,73,8.8,0.4286,2.0,False,0.0,合成履歴。定刻到着
SHP-ML-0036,SUP-04,STR-01,2025-07-29T13:22:48+09:00,2025-07-29T13:22:48+09:00,arrived,5.38,55.3,1,7,False,74,8.8,0.5,2.0,False,0.0,合成履歴。定刻到着
SHP-ML-0037,SUP-03,STR-02,2025-08-01T12:16:12+09:00,2025-08-04T03:34:12+09:00,arrived,4.27,10.9,4,8,False,23,0.0,0.5,2.5,True,63.3,合成履歴。遅延
SHP-ML-0038,SUP-02,STR-04,2025-08-01T12:55:48+09:00,2025-08-01T12:55:48+09:00,arrived,4.93,37.1,4,8,False,46,0.0,0.4545,1.0,False,0.0,合成履歴。定刻到着
SHP-ML-0039,SUP-04,STR-01,2025-08-01T13:22:48+09:00,2025-08-03T09:46:48+09:00,arrived,5.38,55.3,4,8,False,8,0.0,0.4,2.0,True,44.4,合成履歴。遅延
SHP-ML-0040,SUP-01,STR-06,2025-08-02T12:37:12+09:00,2025-08-02T12:37:12+09:00,arrived,4.62,25.0,5,8,False,24,0.0,0.375,1.5,False,0.0,合成履歴。定刻到着
SHP-ML-0041,SUP-02,STR-03,2025-08-02T13:01:12+09:00,2025-08-02T13:01:12+09:00,arrived,5.02,40.9,5,8,False,44,0.0,0.4167,3.0,False,0.0,合成履歴。定刻到着
SHP-ML-0042,SUP-01,STR-01,2025-08-03T12:05:24+09:00,2025-08-04T08:41:24+09:00,arrived,4.09,3.8,6,8,False,58,20.0,0.3333,2.0,True,20.6,合成履歴。遅延
SHP-ML-0043,SUP-01,STR-02,2025-08-03T12:19:48+09:00,2025-08-04T09:07:48+09:00,arrived,4.33,13.4,6,8,False,33,20.0,0.4,2.5,True,20.8,合成履歴。遅延
SHP-ML-0044,SUP-01,STR-04,2025-08-03T12:26:24+09:00,2025-08-03T12:26:24+09:00,arrived,4.44,17.6,6,8,False,29,20.0,0.4545,1.0,False,0.0,合成履歴。定刻到着
SHP-ML-0045,SUP-03,STR-02,2025-08-05T12:16:12+09:00,2025-08-05T12:16:12+09:00,arrived,4.27,10.9,1,8,False,59,0.0,0.5556,2.5,False,0.0,合成履歴。定刻到着
SHP-ML-0046,SUP-01,STR-02,2025-08-05T12:19:48+09:00,2025-08-05T12:19:48+09:00,arrived,4.33,13.4,1,8,False,54,0.0,0.4167,2.5,False,0.0,合成履歴。定刻到着
SHP-ML-0047,SUP-01,STR-04,2025-08-05T12:26:24+09:00,2025-08-05T12:26:24+09:00,arrived,4.44,17.6,1,8,False,58,0.0,0.3846,1.0,False,0.0,合成履歴。定刻到着
SHP-ML-0048,SUP-02,STR-04,2025-08-06T12:55:48+09:00,2025-08-07T08:19:48+09:00,arrived,4.93,37.1,2,8,False,46,0.0,0.3846,1.0,True,19.4,合成履歴。遅延
SHP-ML-0049,SUP-01,STR-04,2025-08-07T12:26:24+09:00,2025-08-09T13:56:24+09:00,arrived,4.44,17.6,3,8,False,73,0.0,0.3571,1.0,True,49.5,合成履歴。遅延
SHP-ML-0050,SUP-01,STR-05,2025-08-07T12:37:48+09:00,2025-08-07T12:37:48+09:00,arrived,4.63,25.4,3,8,False,71,0.0,0.4,2.0,False,0.0,合成履歴。定刻到着
SHP-ML-0051,SUP-02,STR-01,2025-08-08T12:36:00+09:00,2025-08-08T12:36:00+09:00,arrived,4.6,23.9,4,8,False,45,7.8,0.4286,2.0,False,0.0,合成履歴。定刻到着
SHP-ML-0052,SUP-01,STR-01,2025-08-09T12:05:24+09:00,2025-08-09T19:05:24+09:00,arrived,4.09,3.8,5,8,False,42,12.5,0.375,2.0,True,7.0,合成履歴。遅延
SHP-ML-0053,SUP-01,STR-03,2025-08-09T12:31:48+09:00,2025-08-09T12:31:48+09:00,arrived,4.53,21.2,5,8,False,38,12.5,0.4118,3.0,False,0.0,合成履歴。定刻到着
SHP-ML-0054,SUP-02,STR-01,2025-08-10T12:36:00+09:00,2025-08-10T12:36:00+09:00,arrived,4.6,23.9,6,8,False,18,0.0,0.4,2.0,False,0.0,合成履歴。定刻到着
SHP-ML-0055,SUP-02,STR-01,2025-08-10T12:36:00+09:00,2025-08-10T23:00:00+09:00,arrived,4.6,23.9,6,8,False,47,0.0,0.4,2.0,True,10.4,合成履歴。遅延
SHP-ML-0056,SUP-02,STR-03,2025-08-10T13:01:12+09:00,2025-08-11T20:19:12+09:00,arrived,5.02,40.9,6,8,False,38,0.0,0.375,3.0,True,31.3,合成履歴。遅延
SHP-ML-0057,SUP-04,STR-06,2025-08-11T13:07:12+09:00,2025-08-12T21:49:12+09:00,arrived,5.12,44.8,0,8,True,8,4.7,0.5,1.5,True,32.7,合成履歴。遅延
SHP-ML-0058,SUP-01,STR-03,2025-08-12T12:31:48+09:00,2025-08-16T12:31:48+09:00,arrived,4.53,21.2,1,8,False,59,20.3,0.375,3.0,True,96.0,合成履歴。遅延
SHP-ML-0059,SUP-01,STR-06,2025-08-13T12:37:12+09:00,2025-08-13T12:37:12+09:00,arrived,4.62,25.0,2,8,False,64,1.6,0.375,1.5,False,0.0,合成履歴。定刻到着
SHP-ML-0060,SUP-04,STR-02,2025-08-13T13:01:12+09:00,2025-08-13T13:01:12+09:00,arrived,5.02,40.9,2,8,False,24,1.6,0.6,2.5,False,0.0,合成履歴。定刻到着
SHP-ML-0061,SUP-02,STR-05,2025-08-14T13:05:24+09:00,2025-08-14T13:05:24+09:00,arrived,5.09,43.6,3,8,False,57,0.0,0.3571,2.0,False,0.0,合成履歴。定刻到着
SHP-ML-0062,SUP-01,STR-04,2025-08-15T12:26:24+09:00,2025-08-15T12:26:24+09:00,arrived,4.44,17.6,4,8,False,70,0.0,0.375,1.0,False,0.0,合成履歴。定刻到着
SHP-ML-0063,SUP-03,STR-06,2025-08-15T12:46:48+09:00,2025-08-15T12:46:48+09:00,arrived,4.78,31.1,4,8,False,94,0.0,0.5,1.5,False,0.0,合成履歴。定刻到着
SHP-ML-0064,SUP-03,STR-03,2025-08-16T12:29:24+09:00,2025-08-16T12:29:24+09:00,arrived,4.49,19.6,5,8,False,55,4.2,0.4444,3.0,False,0.0,合成履歴。定刻到着
SHP-ML-0065,SUP-01,STR-06,2025-08-16T12:37:12+09:00,2025-08-16T12:37:12+09:00,arrived,4.62,25.0,5,8,False,62,4.2,0.375,1.5,False,0.0,合成履歴。定刻到着
SHP-ML-0066,SUP-01,STR-01,2025-08-17T12:05:24+09:00,2025-08-18T07:11:24+09:00,arrived,4.09,3.8,6,8,False,68,18.8,0.3529,2.0,True,19.1,合成履歴。遅延
SHP-ML-0067,SUP-01,STR-03,2025-08-17T12:31:48+09:00,2025-08-17T12:31:48+09:00,arrived,4.53,21.2,6,8,False,102,18.8,0.3889,3.0,False,0.0,合成履歴。定刻到着
SHP-ML-0068,SUP-01,STR-04,2025-08-19T12:26:24+09:00,2025-08-19T12:26:24+09:00,arrived,4.44,17.6,1,8,False,98,0.0,0.3333,1.0,False,0.0,合成履歴。定刻到着
SHP-ML-0069,SUP-01,STR-05,2025-08-19T12:37:48+09:00,2025-08-19T12:37:48+09:00,arrived,4.63,25.4,1,8,False,83,0.0,0.3158,2.0,False,0.0,合成履歴。定刻到着
SHP-ML-0070,SUP-01,STR-02,2025-08-24T12:19:48+09:00,2025-08-24T12:19:48+09:00,arrived,4.33,13.4,6,8,False,43,0.0,0.3,2.5,False,0.0,合成履歴。定刻到着
SHP-ML-0071,SUP-01,STR-06,2025-08-24T12:37:12+09:00,2025-08-26T14:01:12+09:00,arrived,4.62,25.0,6,8,False,41,0.0,0.2857,1.5,True,49.4,合成履歴。遅延
SHP-ML-0072,SUP-04,STR-03,2025-08-24T13:26:24+09:00,2025-08-24T13:26:24+09:00,arrived,5.44,57.6,6,8,False,47,0.0,0.5,3.0,False,0.0,合成履歴。定刻到着
SHP-ML-0073,SUP-01,STR-02,2025-08-25T12:19:48+09:00,2025-08-25T12:19:48+09:00,arrived,4.33,13.4,0,8,False,27,0.0,0.3182,2.5,False,0.0,合成履歴。定刻到着
SHP-ML-0074,SUP-03,STR-03,2025-08-26T12:29:24+09:00,2025-08-26T12:29:24+09:00,arrived,4.49,19.6,1,8,False,32,6.6,0.3333,3.0,False,0.0,合成履歴。定刻到着
SHP-ML-0075,SUP-01,STR-03,2025-08-26T12:31:48+09:00,2025-08-26T12:31:48+09:00,arrived,4.53,21.2,1,8,False,86,6.6,0.3182,3.0,False,0.0,合成履歴。定刻到着
SHP-ML-0076,SUP-02,STR-01,2025-08-26T12:36:00+09:00,2025-08-26T12:36:00+09:00,arrived,4.6,23.9,1,8,False,35,6.6,0.4444,2.0,False,0.0,合成履歴。定刻到着
SHP-ML-0077,SUP-02,STR-04,2025-08-26T12:55:48+09:00,2025-08-27T00:31:48+09:00,arrived,4.93,37.1,1,8,False,40,6.6,0.3333,1.0,True,11.6,合成履歴。遅延
SHP-ML-0078,SUP-01,STR-04,2025-08-29T12:26:24+09:00,2025-08-29T12:26:24+09:00,arrived,4.44,17.6,4,8,False,63,0.9,0.3182,1.0,False,0.0,合成履歴。定刻到着
SHP-ML-0079,SUP-04,STR-06,2025-08-29T13:07:12+09:00,2025-08-29T21:19:12+09:00,arrived,5.12,44.8,4,8,False,19,0.9,0.5,1.5,True,8.2,合成履歴。遅延
SHP-ML-0080,SUP-03,STR-05,2025-08-30T12:38:24+09:00,2025-08-30T12:38:24+09:00,arrived,4.64,25.7,5,8,False,26,0.0,0.2,2.0,False,0.0,合成履歴。定刻到着
SHP-ML-0081,SUP-04,STR-03,2025-08-30T13:26:24+09:00,2025-08-30T13:26:24+09:00,arrived,5.44,57.6,5,8,False,67,0.0,0.6,3.0,False,0.0,合成履歴。定刻到着
SHP-ML-0082,SUP-01,STR-05,2025-08-31T12:37:48+09:00,2025-09-01T02:13:48+09:00,arrived,4.63,25.4,6,8,False,63,5.6,0.3043,2.0,True,13.6,合成履歴。遅延
SHP-ML-0083,SUP-02,STR-03,2025-09-01T13:01:12+09:00,2025-09-01T13:01:12+09:00,arrived,5.02,40.9,0,9,False,22,0.0,0.4444,3.0,False,0.0,合成履歴。定刻到着
SHP-ML-0084,SUP-02,STR-02,2025-09-02T12:45:36+09:00,2025-09-02T12:45:36+09:00,arrived,4.76,30.4,1,9,False,72,0.0,0.4444,2.5,False,0.0,合成履歴。定刻到着
SHP-ML-0085,SUP-02,STR-04,2025-09-02T12:55:48+09:00,2025-09-02T12:55:48+09:00,arrived,4.93,37.1,1,9,False,59,0.0,0.4,1.0,False,0.0,合成履歴。定刻到着
SHP-ML-0086,SUP-03,STR-06,2025-09-03T12:46:48+09:00,2025-09-05T21:34:48+09:00,arrived,4.78,31.1,2,9,False,92,14.8,0.0,1.5,True,56.8,合成履歴。遅延
SHP-ML-0087,SUP-01,STR-01,2025-09-04T12:05:24+09:00,2025-09-04T12:05:24+09:00,arrived,4.09,3.8,3,9,False,70,0.6,0.3,2.0,False,0.0,合成履歴。定刻到着
SHP-ML-0088,SUP-01,STR-01,2025-09-05T12:05:24+09:00,2025-09-05T12:05:24+09:00,arrived,4.09,3.8,4,9,False,89,15.8,0.3158,2.0,False,0.0,合成履歴。定刻到着
SHP-ML-0089,SUP-03,STR-01,2025-09-08T12:28:48+09:00,2025-09-08T12:28:48+09:00,arrived,4.48,19.3,0,9,False,27,15.9,0.2,2.0,False,0.0,合成履歴。定刻到着
SHP-ML-0090,SUP-05,STR-01,2025-09-08T15:22:48+09:00,2025-09-08T22:46:48+09:00,arrived,7.38,135.3,0,9,False,49,15.9,,2.0,True,7.4,合成履歴。遅延
SHP-ML-0091,SUP-01,STR-05,2025-09-09T12:37:48+09:00,2025-09-09T12:37:48+09:00,arrived,4.63,25.4,1,9,False,58,6.1,0.25,2.0,False,0.0,合成履歴。定刻到着
SHP-ML-0092,SUP-03,STR-06,2025-09-09T12:46:48+09:00,2025-09-09T12:46:48+09:00,arrived,4.78,31.1,1,9,False,58,6.1,0.1667,1.5,False,0.0,合成履歴。定刻到着
SHP-ML-0093,SUP-02,STR-04,2025-09-09T12:55:48+09:00,2025-09-09T12:55:48+09:00,arrived,4.93,37.1,1,9,False,51,6.1,0.2857,1.0,False,0.0,合成履歴。定刻到着
SHP-ML-0094,SUP-04,STR-02,2025-09-11T13:01:12+09:00,2025-09-11T13:01:12+09:00,arrived,5.02,40.9,3,9,False,52,0.0,0.25,2.5,False,0.0,合成履歴。定刻到着
SHP-ML-0095,SUP-04,STR-05,2025-09-11T13:34:48+09:00,2025-09-12T00:16:48+09:00,arrived,5.58,63.4,3,9,False,16,0.0,0.2,2.0,True,10.7,合成履歴。遅延
SHP-ML-0096,SUP-05,STR-01,2025-09-12T15:22:48+09:00,2025-09-12T23:10:48+09:00,arrived,7.38,135.3,4,9,False,93,0.0,1.0,2.0,True,7.8,合成履歴。遅延
SHP-ML-0097,SUP-01,STR-03,2025-09-13T12:31:48+09:00,2025-09-13T12:31:48+09:00,arrived,4.53,21.2,5,9,False,51,0.0,0.2,3.0,False,0.0,合成履歴。定刻到着
SHP-ML-0098,SUP-04,STR-01,2025-09-13T13:22:48+09:00,2025-09-13T13:22:48+09:00,arrived,5.38,55.3,5,9,False,85,0.0,0.4,2.0,False,0.0,合成履歴。定刻到着
SHP-ML-0099,SUP-04,STR-03,2025-09-13T13:26:24+09:00,2025-09-13T13:26:24+09:00,arrived,5.44,57.6,5,9,False,73,0.0,0.3333,3.0,False,0.0,合成履歴。定刻到着
SHP-ML-0100,SUP-01,STR-01,2025-09-15T12:05:24+09:00,2025-09-15T12:05:24+09:00,arrived,4.09,3.8,0,9,True,23,0.0,0.2,2.0,False,0.0,合成履歴。定刻到着
SHP-ML-0101,SUP-02,STR-05,2025-09-15T13:05:24+09:00,2025-09-17T09:53:24+09:00,arrived,5.09,43.6,0,9,True,77,0.0,0.1667,2.0,True,44.8,合成履歴。遅延
SHP-ML-0102,SUP-03,STR-04,2025-09-16T12:04:48+09:00,2025-09-16T12:04:48+09:00,arrived,4.08,3.2,1,9,False,23,0.0,0.2,1.0,False,0.0,合成履歴。定刻到着
SHP-ML-0103,SUP-03,STR-03,2025-09-16T12:29:24+09:00,2025-09-16T12:29:24+09:00,arrived,4.49,19.6,1,9,False,44,0.0,0.1667,3.0,False,0.0,合成履歴。定刻到着
SHP-ML-0104,SUP-05,STR-03,2025-09-16T15:47:24+09:00,2025-09-16T15:47:24+09:00,arrived,7.79,151.5,1,9,False,49,0.0,1.0,3.0,False,0.0,合成履歴。定刻到着
SHP-ML-0105,SUP-03,STR-01,2025-09-20T12:28:48+09:00,2025-09-20T12:28:48+09:00,arrived,4.48,19.3,5,9,False,35,32.0,0.1429,2.0,False,0.0,合成履歴。定刻到着
SHP-ML-0106,SUP-02,STR-06,2025-09-20T12:37:48+09:00,2025-09-22T19:25:48+09:00,arrived,4.63,25.4,5,9,False,72,32.0,0.2857,1.5,True,54.8,合成履歴。遅延
SHP-ML-0107,SUP-03,STR-05,2025-09-20T12:38:24+09:00,2025-09-20T12:38:24+09:00,arrived,4.64,25.7,5,9,False,36,32.0,0.125,2.0,False,0.0,合成履歴。定刻到着
SHP-ML-0108,SUP-02,STR-02,2025-09-21T12:45:36+09:00,2025-09-21T12:45:36+09:00,arrived,4.76,30.4,6,9,False,48,14.5,0.375,2.5,False,0.0,合成履歴。定刻到着
SHP-ML-0109,SUP-03,STR-06,2025-09-22T12:46:48+09:00,2025-09-22T12:46:48+09:00,arrived,4.78,31.1,0,9,False,50,2.7,0.1111,1.5,False,0.0,合成履歴。定刻到着
SHP-ML-0110,SUP-02,STR-05,2025-09-22T13:05:24+09:00,2025-09-22T13:05:24+09:00,arrived,5.09,43.6,0,9,False,58,2.7,0.3333,2.0,False,0.0,合成履歴。定刻到着
SHP-ML-0111,SUP-01,STR-03,2025-09-24T12:31:48+09:00,2025-09-24T12:31:48+09:00,arrived,4.53,21.2,2,9,False,42,0.0,0.125,3.0,False,0.0,合成履歴。定刻到着
SHP-ML-0112,SUP-02,STR-01,2025-09-25T12:36:00+09:00,2025-09-26T16:18:00+09:00,arrived,4.6,23.9,3,9,False,72,8.3,0.3,2.0,True,27.7,合成履歴。遅延
SHP-ML-0113,SUP-02,STR-05,2025-09-25T13:05:24+09:00,2025-09-26T13:05:24+09:00,arrived,5.09,43.6,3,9,False,53,8.3,0.3333,2.0,True,24.0,合成履歴。遅延
SHP-ML-0114,SUP-03,STR-03,2025-09-26T12:29:24+09:00,2025-09-30T12:29:24+09:00,arrived,4.49,19.6,4,9,False,60,22.2,0.1111,3.0,True,96.0,合成履歴。遅延
SHP-ML-0115,SUP-01,STR-06,2025-09-27T12:37:12+09:00,2025-09-29T18:25:12+09:00,arrived,4.62,25.0,5,9,False,74,53.2,0.125,1.5,True,53.8,合成履歴。遅延
SHP-ML-0116,SUP-04,STR-05,2025-09-27T13:34:48+09:00,2025-09-27T13:34:48+09:00,arrived,5.58,63.4,5,9,False,8,53.2,0.3333,2.0,False,0.0,合成履歴。定刻到着
SHP-ML-0117,SUP-05,STR-01,2025-09-27T15:22:48+09:00,2025-09-27T15:22:48+09:00,arrived,7.38,135.3,5,9,False,70,53.2,0.6667,2.0,False,0.0,合成履歴。定刻到着
SHP-ML-0118,SUP-02,STR-04,2025-09-28T12:55:48+09:00,2025-09-28T12:55:48+09:00,arrived,4.93,37.1,6,9,False,61,8.4,0.4,1.0,False,0.0,合成履歴。定刻到着
SHP-ML-0119,SUP-04,STR-02,2025-09-28T13:01:12+09:00,2025-09-28T13:01:12+09:00,arrived,5.02,40.9,6,9,False,90,8.4,0.2857,2.5,False,0.0,合成履歴。定刻到着
SHP-ML-0120,SUP-04,STR-05,2025-09-29T13:34:48+09:00,2025-09-30T18:22:48+09:00,arrived,5.58,63.4,0,9,False,42,0.0,0.1667,2.0,True,28.8,合成履歴。遅延
SHP-ML-0121,SUP-05,STR-03,2025-10-01T15:47:24+09:00,2025-10-01T15:47:24+09:00,arrived,7.79,151.5,2,10,False,43,0.0,0.5,3.0,False,0.0,合成履歴。定刻到着
SHP-ML-0122,SUP-01,STR-03,2025-10-02T12:31:48+09:00,2025-10-02T12:31:48+09:00,arrived,4.53,21.2,3,10,False,37,0.7,0.1429,3.0,False,0.0,合成履歴。定刻到着
SHP-ML-0123,SUP-02,STR-01,2025-10-02T12:36:00+09:00,2025-10-02T12:36:00+09:00,arrived,4.6,23.9,3,10,False,31,0.7,0.4,2.0,False,0.0,合成履歴。定刻到着
SHP-ML-0124,SUP-03,STR-02,2025-10-03T12:16:12+09:00,2025-10-03T12:16:12+09:00,arrived,4.27,10.9,4,10,False,29,0.7,0.2222,2.5,False,0.0,合成履歴。定刻到着
SHP-ML-0125,SUP-01,STR-06,2025-10-03T12:37:12+09:00,2025-10-03T12:37:12+09:00,arrived,4.62,25.0,4,10,False,67,0.7,0.125,1.5,False,0.0,合成履歴。定刻到着
SHP-ML-0126,SUP-01,STR-06,2025-10-03T12:37:12+09:00,2025-10-03T12:37:12+09:00,arrived,4.62,25.0,4,10,False,87,0.7,0.125,1.5,False,0.0,合成履歴。定刻到着
SHP-ML-0127,SUP-03,STR-04,2025-10-04T12:04:48+09:00,2025-10-04T12:04:48+09:00,arrived,4.08,3.2,5,10,False,38,7.6,0.1111,1.0,False,0.0,合成履歴。定刻到着
SHP-ML-0128,SUP-03,STR-06,2025-10-06T12:46:48+09:00,2025-10-06T12:46:48+09:00,arrived,4.78,31.1,0,10,False,65,5.0,0.1,1.5,False,0.0,合成履歴。定刻到着
SHP-ML-0129,SUP-01,STR-02,2025-10-07T12:19:48+09:00,2025-10-07T12:19:48+09:00,arrived,4.33,13.4,1,10,False,75,0.0,0.125,2.5,False,0.0,合成履歴。定刻到着
SHP-ML-0130,SUP-03,STR-04,2025-10-08T12:04:48+09:00,2025-10-08T12:04:48+09:00,arrived,4.08,3.2,2,10,False,59,0.0,0.0909,1.0,False,0.0,合成履歴。定刻到着
SHP-ML-0131,SUP-03,STR-02,2025-10-10T12:16:12+09:00,2025-10-10T12:16:12+09:00,arrived,4.27,10.9,4,10,False,19,5.4,0.1,2.5,False,0.0,合成履歴。定刻到着
SHP-ML-0132,SUP-03,STR-03,2025-10-11T12:29:24+09:00,2025-10-11T12:29:24+09:00,arrived,4.49,19.6,5,10,False,61,5.8,0.0909,3.0,False,0.0,合成履歴。定刻到着
SHP-ML-0133,SUP-02,STR-02,2025-10-11T12:45:36+09:00,2025-10-12T01:51:36+09:00,arrived,4.76,30.4,5,10,False,53,5.8,0.5,2.5,True,13.1,合成履歴。遅延
SHP-ML-0134,SUP-05,STR-01,2025-10-11T15:22:48+09:00,2025-10-11T15:22:48+09:00,arrived,7.38,135.3,5,10,False,53,5.8,0.25,2.0,False,0.0,合成履歴。定刻到着
SHP-ML-0135,SUP-03,STR-06,2025-10-12T12:46:48+09:00,2025-10-12T12:46:48+09:00,arrived,4.78,31.1,6,10,False,49,0.0,0.0833,1.5,False,0.0,合成履歴。定刻到着
SHP-ML-0136,SUP-03,STR-06,2025-10-12T12:46:48+09:00,2025-10-12T12:46:48+09:00,arrived,4.78,31.1,6,10,False,53,0.0,0.0833,1.5,False,0.0,合成履歴。定刻到着
SHP-ML-0137,SUP-02,STR-05,2025-10-12T13:05:24+09:00,2025-10-12T13:05:24+09:00,arrived,5.09,43.6,6,10,False,49,0.0,0.5556,2.0,False,0.0,合成履歴。定刻到着
SHP-ML-0138,SUP-03,STR-02,2025-10-13T12:16:12+09:00,2025-10-13T12:16:12+09:00,arrived,4.27,10.9,0,10,True,67,22.1,0.0714,2.5,False,0.0,合成履歴。定刻到着
SHP-ML-0139,SUP-02,STR-01,2025-10-14T12:36:00+09:00,2025-10-14T12:36:00+09:00,arrived,4.6,23.9,1,10,False,53,0.0,0.5,2.0,False,0.0,合成履歴。定刻到着
SHP-ML-0140,SUP-02,STR-04,2025-10-14T12:55:48+09:00,2025-10-14T12:55:48+09:00,arrived,4.93,37.1,1,10,False,39,0.0,0.4545,1.0,False,0.0,合成履歴。定刻到着
SHP-ML-0141,SUP-04,STR-06,2025-10-14T13:07:12+09:00,2025-10-15T13:01:12+09:00,arrived,5.12,44.8,1,10,False,38,0.0,0.3333,1.5,True,23.9,合成履歴。遅延
SHP-ML-0142,SUP-05,STR-05,2025-10-15T15:49:12+09:00,2025-10-17T01:07:12+09:00,arrived,7.82,152.7,2,10,False,38,0.0,0.0,2.0,True,33.3,合成履歴。遅延
SHP-ML-0143,SUP-03,STR-01,2025-10-16T12:28:48+09:00,2025-10-16T12:28:48+09:00,arrived,4.48,19.3,3,10,False,50,0.0,0.0714,2.0,False,0.0,合成履歴。定刻到着
SHP-ML-0144,SUP-02,STR-04,2025-10-16T12:55:48+09:00,2025-10-16T12:55:48+09:00,arrived,4.93,37.1,3,10,False,54,0.0,0.3636,1.0,False,0.0,合成履歴。定刻到着
SHP-ML-0145,SUP-01,STR-04,2025-10-19T12:26:24+09:00,2025-10-19T12:26:24+09:00,arrived,4.44,17.6,6,10,False,68,0.0,0.1667,1.0,False,0.0,合成履歴。定刻到着
SHP-ML-0146,SUP-02,STR-06,2025-10-19T12:37:48+09:00,2025-10-19T12:37:48+09:00,arrived,4.63,25.4,6,10,False,55,0.0,0.3333,1.5,False,0.0,合成履歴。定刻到着
SHP-ML-0147,SUP-02,STR-04,2025-10-19T12:55:48+09:00,2025-10-19T12:55:48+09:00,arrived,4.93,37.1,6,10,False,50,0.0,0.3077,1.0,False,0.0,合成履歴。定刻到着
SHP-ML-0148,SUP-05,STR-03,2025-10-20T15:47:24+09:00,2025-10-20T15:47:24+09:00,arrived,7.79,151.5,0,10,False,71,1.6,0.25,3.0,False,0.0,合成履歴。定刻到着
SHP-ML-0149,SUP-01,STR-02,2025-10-21T12:19:48+09:00,2025-10-22T13:13:48+09:00,arrived,4.33,13.4,1,10,False,35,12.4,0.1429,2.5,True,24.9,合成履歴。遅延
SHP-ML-0150,SUP-03,STR-02,2025-10-22T12:16:12+09:00,2025-10-22T12:16:12+09:00,arrived,4.27,10.9,2,10,False,29,3.9,0.0833,2.5,False,0.0,合成履歴。定刻到着
SHP-ML-0151,SUP-02,STR-03,2025-10-22T13:01:12+09:00,2025-10-22T13:01:12+09:00,arrived,5.02,40.9,2,10,False,66,3.9,0.25,3.0,False,0.0,合成履歴。定刻到着
SHP-ML-0152,SUP-03,STR-02,2025-10-23T12:16:12+09:00,2025-10-23T12:16:12+09:00,arrived,4.27,10.9,3,10,False,69,0.0,0.0833,2.5,False,0.0,合成履歴。定刻到着
SHP-ML-0153,SUP-05,STR-05,2025-10-23T15:49:12+09:00,2025-10-25T07:31:12+09:00,arrived,7.82,152.7,3,10,False,43,0.0,0.2,2.0,True,39.7,合成履歴。遅延
SHP-ML-0154,SUP-01,STR-05,2025-10-24T12:37:48+09:00,2025-10-24T12:37:48+09:00,arrived,4.63,25.4,4,10,False,101,37.1,0.2857,2.0,False,0.0,合成履歴。定刻到着
SHP-ML-0155,SUP-03,STR-01,2025-10-25T12:28:48+09:00,2025-10-25T12:28:48+09:00,arrived,4.48,19.3,5,10,False,44,12.1,0.0769,2.0,False,0.0,合成履歴。定刻到着
SHP-ML-0156,SUP-04,STR-01,2025-10-25T13:22:48+09:00,2025-10-25T13:22:48+09:00,arrived,5.38,55.3,5,10,False,47,12.1,0.5,2.0,False,0.0,合成履歴。定刻到着
SHP-ML-0157,SUP-05,STR-02,2025-10-25T15:30:36+09:00,2025-10-25T15:30:36+09:00,arrived,7.51,140.4,5,10,False,66,12.1,0.3333,2.5,False,0.0,合成履歴。定刻到着
SHP-ML-0158,SUP-05,STR-05,2025-10-25T15:49:12+09:00,2025-10-25T15:49:12+09:00,arrived,7.82,152.7,5,10,False,75,12.1,0.2857,2.0,False,0.0,合成履歴。定刻到着
SHP-ML-0159,SUP-01,STR-04,2025-10-28T12:26:24+09:00,2025-10-29T21:26:24+09:00,arrived,4.44,17.6,1,10,False,49,12.8,0.1429,1.0,True,33.0,合成履歴。遅延
SHP-ML-0160,SUP-03,STR-06,2025-10-31T12:46:48+09:00,2025-10-31T12:46:48+09:00,arrived,4.78,31.1,4,10,False,65,0.0,0.0,1.5,False,0.0,合成履歴。定刻到着
SHP-ML-0161,SUP-03,STR-04,2025-11-01T12:04:48+09:00,2025-11-01T12:04:48+09:00,arrived,4.08,3.2,5,11,False,33,0.0,0.0,1.0,False,0.0,合成履歴。定刻到着
SHP-ML-0162,SUP-02,STR-06,2025-11-02T12:37:48+09:00,2025-11-04T17:49:48+09:00,arrived,4.63,25.4,6,11,False,30,0.0,0.125,1.5,True,53.2,合成履歴。遅延
SHP-ML-0163,SUP-04,STR-04,2025-11-02T12:58:48+09:00,2025-11-02T12:58:48+09:00,arrived,4.98,39.2,6,11,False,40,0.0,0.5,1.0,False,0.0,合成履歴。定刻到着
SHP-ML-0164,SUP-02,STR-05,2025-11-03T13:05:24+09:00,2025-11-04T18:47:24+09:00,arrived,5.09,43.6,0,11,True,26,0.0,0.2222,2.0,True,29.7,合成履歴。遅延
SHP-ML-0165,SUP-04,STR-06,2025-11-03T13:07:12+09:00,2025-11-03T13:07:12+09:00,arrived,5.12,44.8,0,11,True,76,0.0,0.3333,1.5,False,0.0,合成履歴。定刻到着
SHP-ML-0166,SUP-05,STR-04,2025-11-03T15:42:00+09:00,2025-11-03T15:42:00+09:00,arrived,7.7,147.8,0,11,True,62,0.0,0.3333,1.0,False,0.0,合成履歴。定刻到着
SHP-ML-0167,SUP-01,STR-04,2025-11-05T12:26:24+09:00,2025-11-05T12:26:24+09:00,arrived,4.44,17.6,2,11,False,37,0.0,0.4,1.0,False,0.0,合成履歴。定刻到着
SHP-ML-0168,SUP-01,STR-05,2025-11-05T12:37:48+09:00,2025-11-05T12:37:48+09:00,arrived,4.63,25.4,2,11,False,46,0.0,0.3333,2.0,False,0.0,合成履歴。定刻到着
SHP-ML-0169,SUP-02,STR-01,2025-11-06T12:36:00+09:00,2025-11-09T23:12:00+09:00,arrived,4.6,23.9,3,11,False,61,0.0,0.3,2.0,True,82.6,合成履歴。遅延
SHP-ML-0170,SUP-01,STR-06,2025-11-07T12:37:12+09:00,2025-11-07T12:37:12+09:00,arrived,4.62,25.0,4,11,False,8,10.1,0.3333,1.5,False,0.0,合成履歴。定刻到着
SHP-ML-0171,SUP-04,STR-03,2025-11-08T13:26:24+09:00,2025-11-08T13:26:24+09:00,arrived,5.44,57.6,5,11,False,34,0.0,0.25,3.0,False,0.0,合成履歴。定刻到着
SHP-ML-0172,SUP-05,STR-06,2025-11-08T15:07:12+09:00,2025-11-08T15:07:12+09:00,arrived,7.12,125.0,5,11,False,51,0.0,0.2857,1.5,False,0.0,合成履歴。定刻到着
SHP-ML-0173,SUP-03,STR-04,2025-11-09T12:04:48+09:00,2025-11-09T12:04:48+09:00,arrived,4.08,3.2,6,11,False,68,0.0,0.0,1.0,False,0.0,合成履歴。定刻到着
SHP-ML-0174,SUP-04,STR-03,2025-11-11T13:26:24+09:00,2025-11-11T13:26:24+09:00,arrived,5.44,57.6,1,11,False,45,7.6,0.2,3.0,False,0.0,合成履歴。定刻到着
SHP-ML-0175,SUP-03,STR-06,2025-11-12T12:46:48+09:00,2025-11-12T12:46:48+09:00,arrived,4.78,31.1,2,11,False,38,0.0,0.0,1.5,False,0.0,合成履歴。定刻到着
SHP-ML-0176,SUP-04,STR-01,2025-11-12T13:22:48+09:00,2025-11-12T13:22:48+09:00,arrived,5.38,55.3,2,11,False,57,0.0,0.1667,2.0,False,0.0,合成履歴。定刻到着
SHP-ML-0177,SUP-03,STR-03,2025-11-15T12:29:24+09:00,2025-11-15T12:29:24+09:00,arrived,4.49,19.6,5,11,False,27,0.0,0.0,3.0,False,0.0,合成履歴。定刻到着
SHP-ML-0178,SUP-02,STR-04,2025-11-16T12:55:48+09:00,2025-11-16T12:55:48+09:00,arrived,4.93,37.1,6,11,False,81,1.1,0.5,1.0,False,0.0,合成履歴。定刻到着
SHP-ML-0179,SUP-02,STR-05,2025-11-16T13:05:24+09:00,2025-11-16T13:05:24+09:00,arrived,5.09,43.6,6,11,False,66,1.1,0.4286,2.0,False,0.0,合成履歴。定刻到着
SHP-ML-0180,SUP-03,STR-04,2025-11-17T12:04:48+09:00,2025-11-17T12:04:48+09:00,arrived,4.08,3.2,0,11,False,17,0.8,0.0,1.0,False,0.0,合成履歴。定刻到着
SHP-ML-0181,SUP-03,STR-04,2025-11-17T12:04:48+09:00,2025-11-17T12:04:48+09:00,arrived,4.08,3.2,0,11,False,91,0.8,0.0,1.0,False,0.0,合成履歴。定刻到着
SHP-ML-0182,SUP-01,STR-02,2025-11-17T12:19:48+09:00,2025-11-17T12:19:48+09:00,arrived,4.33,13.4,0,11,False,38,0.8,0.2857,2.5,False,0.0,合成履歴。定刻到着
SHP-ML-0183,SUP-01,STR-05,2025-11-17T12:37:48+09:00,2025-11-19T02:49:48+09:00,arrived,4.63,25.4,0,11,False,109,0.8,0.25,2.0,True,38.2,合成履歴。遅延
SHP-ML-0184,SUP-01,STR-01,2025-11-19T12:05:24+09:00,2025-11-19T12:05:24+09:00,arrived,4.09,3.8,2,11,False,17,0.0,0.375,2.0,False,0.0,合成履歴。定刻到着
SHP-ML-0185,SUP-01,STR-04,2025-11-20T12:26:24+09:00,2025-11-20T12:26:24+09:00,arrived,4.44,17.6,3,11,False,59,5.4,0.25,1.0,False,0.0,合成履歴。定刻到着
SHP-ML-0186,SUP-01,STR-03,2025-11-20T12:31:48+09:00,2025-11-20T12:31:48+09:00,arrived,4.53,21.2,3,11,False,51,5.4,0.2222,3.0,False,0.0,合成履歴。定刻到着
SHP-ML-0187,SUP-04,STR-06,2025-11-20T13:07:12+09:00,2025-11-21T14:07:12+09:00,arrived,5.12,44.8,3,11,False,71,5.4,0.0,1.5,True,25.0,合成履歴。遅延
SHP-ML-0188,SUP-05,STR-06,2025-11-20T15:07:12+09:00,2025-11-20T15:07:12+09:00,arrived,7.12,125.0,3,11,False,35,5.4,0.2,1.5,False,0.0,合成履歴。定刻到着
SHP-ML-0189,SUP-03,STR-03,2025-11-25T12:29:24+09:00,2025-11-25T12:29:24+09:00,arrived,4.49,19.6,1,11,False,48,0.0,0.0,3.0,False,0.0,合成履歴。定刻到着
SHP-ML-0190,SUP-01,STR-05,2025-11-25T12:37:48+09:00,2025-11-25T12:37:48+09:00,arrived,4.63,25.4,1,11,False,58,0.0,0.2222,2.0,False,0.0,合成履歴。定刻到着
SHP-ML-0191,SUP-02,STR-04,2025-11-25T12:55:48+09:00,2025-11-25T12:55:48+09:00,arrived,4.93,37.1,1,11,False,71,0.0,0.6,1.0,False,0.0,合成履歴。定刻到着
SHP-ML-0192,SUP-05,STR-03,2025-11-25T15:47:24+09:00,2025-11-25T15:47:24+09:00,arrived,7.79,151.5,1,11,False,58,0.0,0.0,3.0,False,0.0,合成履歴。定刻到着
SHP-ML-0193,SUP-02,STR-03,2025-11-26T13:01:12+09:00,2025-11-26T20:49:12+09:00,arrived,5.02,40.9,2,11,False,40,0.5,0.5,3.0,True,7.8,合成履歴。遅延
SHP-ML-0194,SUP-01,STR-02,2025-11-27T12:19:48+09:00,2025-11-27T12:19:48+09:00,arrived,4.33,13.4,3,11,False,68,21.8,0.2,2.5,False,0.0,合成履歴。定刻到着
SHP-ML-0195,SUP-01,STR-02,2025-11-27T12:19:48+09:00,2025-11-27T12:19:48+09:00,arrived,4.33,13.4,3,11,False,23,21.8,0.2,2.5,False,0.0,合成履歴。定刻到着
SHP-ML-0196,SUP-01,STR-05,2025-11-27T12:37:48+09:00,2025-11-27T12:37:48+09:00,arrived,4.63,25.4,3,11,False,38,21.8,0.0909,2.0,False,0.0,合成履歴。定刻到着
SHP-ML-0197,SUP-02,STR-05,2025-11-28T13:05:24+09:00,2025-11-28T13:05:24+09:00,arrived,5.09,43.6,4,11,False,44,8.7,0.5714,2.0,False,0.0,合成履歴。定刻到着
SHP-ML-0198,SUP-05,STR-05,2025-11-29T15:49:12+09:00,2025-11-29T15:49:12+09:00,arrived,7.82,152.7,5,11,False,75,0.5,0.0,2.0,False,0.0,合成履歴。定刻到着
SHP-ML-0199,SUP-01,STR-01,2025-11-30T12:05:24+09:00,2025-11-30T12:05:24+09:00,arrived,4.09,3.8,6,11,False,54,21.8,0.0833,2.0,False,0.0,合成履歴。定刻到着
SHP-ML-0200,SUP-01,STR-05,2025-12-01T12:37:48+09:00,2025-12-03T21:31:48+09:00,arrived,4.63,25.4,0,12,False,50,11.9,0.0769,2.0,True,56.9,合成履歴。遅延
SHP-ML-0201,SUP-05,STR-02,2025-12-01T15:30:36+09:00,2025-12-01T15:30:36+09:00,arrived,7.51,140.4,0,12,False,54,11.9,0.0,2.5,False,0.0,合成履歴。定刻到着
SHP-ML-0202,SUP-04,STR-06,2025-12-02T13:07:12+09:00,2025-12-02T13:07:12+09:00,arrived,5.12,44.8,1,12,False,67,7.3,0.2,1.5,False,0.0,合成履歴。定刻到着
SHP-ML-0203,SUP-02,STR-05,2025-12-03T13:05:24+09:00,2025-12-03T13:05:24+09:00,arrived,5.09,43.6,2,12,False,31,0.0,0.4286,2.0,False,0.0,合成履歴。定刻到着
SHP-ML-0204,SUP-02,STR-01,2025-12-04T12:36:00+09:00,2025-12-04T23:54:00+09:00,arrived,4.6,23.9,3,12,False,66,29.1,0.2857,2.0,True,11.3,合成履歴。遅延
SHP-ML-0205,SUP-03,STR-02,2025-12-05T12:16:12+09:00,2025-12-05T12:16:12+09:00,arrived,4.27,10.9,4,12,False,68,0.0,0.0,2.5,False,0.0,合成履歴。定刻到着
SHP-ML-0206,SUP-03,STR-03,2025-12-05T12:29:24+09:00,2025-12-06T13:23:24+09:00,arrived,4.49,19.6,4,12,False,89,0.0,0.0,3.0,True,24.9,合成履歴。遅延
SHP-ML-0207,SUP-05,STR-05,2025-12-06T15:49:12+09:00,2025-12-06T15:49:12+09:00,arrived,7.82,152.7,5,12,False,29,0.0,0.0,2.0,False,0.0,合成履歴。定刻到着
SHP-ML-0208,SUP-02,STR-04,2025-12-07T12:55:48+09:00,2025-12-07T12:55:48+09:00,arrived,4.93,37.1,6,12,False,11,0.0,0.2857,1.0,False,0.0,合成履歴。定刻到着
SHP-ML-0209,SUP-02,STR-05,2025-12-07T13:05:24+09:00,2025-12-07T13:05:24+09:00,arrived,5.09,43.6,6,12,False,71,0.0,0.25,2.0,False,0.0,合成履歴。定刻到着
SHP-ML-0210,SUP-04,STR-04,2025-12-08T12:58:48+09:00,2025-12-09T03:28:48+09:00,arrived,4.98,39.2,0,12,False,82,0.0,0.2,1.0,True,14.5,合成履歴。遅延
SHP-ML-0211,SUP-02,STR-03,2025-12-11T13:01:12+09:00,2025-12-11T23:19:12+09:00,arrived,5.02,40.9,3,12,False,59,0.0,0.2222,3.0,True,10.3,合成履歴。遅延
SHP-ML-0212,SUP-03,STR-04,2025-12-12T12:04:48+09:00,2025-12-12T12:04:48+09:00,arrived,4.08,3.2,4,12,False,53,11.0,0.1429,1.0,False,0.0,合成履歴。定刻到着
SHP-ML-0213,SUP-01,STR-01,2025-12-12T12:05:24+09:00,2025-12-12T12:05:24+09:00,arrived,4.09,3.8,4,12,False,58,11.0,0.1818,2.0,False,0.0,合成履歴。定刻到着
SHP-ML-0214,SUP-04,STR-02,2025-12-12T13:01:12+09:00,2025-12-12T21:25:12+09:00,arrived,5.02,40.9,4,12,False,39,11.0,0.5,2.5,True,8.4,合成履歴。遅延
SHP-ML-0215,SUP-04,STR-05,2025-12-12T13:34:48+09:00,2025-12-14T04:46:48+09:00,arrived,5.58,63.4,4,12,False,79,11.0,0.75,2.0,True,39.2,合成履歴。遅延
SHP-ML-0216,SUP-01,STR-06,2025-12-13T12:37:12+09:00,2025-12-13T12:37:12+09:00,arrived,4.62,25.0,5,12,False,68,0.0,0.1667,1.5,False,0.0,合成履歴。定刻到着
SHP-ML-0217,SUP-03,STR-03,2025-12-14T12:29:24+09:00,2025-12-15T05:41:24+09:00,arrived,4.49,19.6,6,12,False,33,10.0,0.1429,3.0,True,17.2,合成履歴。遅延
SHP-ML-0218,SUP-03,STR-04,2025-12-15T12:04:48+09:00,2025-12-15T12:04:48+09:00,arrived,4.08,3.2,0,12,False,29,0.0,0.25,1.0,False,0.0,合成履歴。定刻到着
SHP-ML-0219,SUP-01,STR-04,2025-12-15T12:26:24+09:00,2025-12-16T20:50:24+09:00,arrived,4.44,17.6,0,12,False,61,0.0,0.1538,1.0,True,32.4,合成履歴。遅延
SHP-ML-0220,SUP-04,STR-06,2025-12-17T13:07:12+09:00,2025-12-17T13:07:12+09:00,arrived,5.12,44.8,2,12,False,31,0.0,0.8,1.5,False,0.0,合成履歴。定刻到着
SHP-ML-0221,SUP-01,STR-02,2025-12-18T12:19:48+09:00,2025-12-18T12:19:48+09:00,arrived,4.33,13.4,3,12,False,64,12.5,0.1667,2.5,False,0.0,合成履歴。定刻到着
SHP-ML-0222,SUP-03,STR-01,2025-12-18T12:28:48+09:00,2025-12-19T10:58:48+09:00,arrived,4.48,19.3,3,12,False,48,12.5,0.3333,2.0,True,22.5,合成履歴。遅延
SHP-ML-0223,SUP-02,STR-01,2025-12-18T12:36:00+09:00,2025-12-18T12:36:00+09:00,arrived,4.6,23.9,3,12,False,60,12.5,0.375,2.0,False,0.0,合成履歴。定刻到着
SHP-ML-0224,SUP-03,STR-05,2025-12-18T12:38:24+09:00,2025-12-20T01:56:24+09:00,arrived,4.64,25.7,3,12,False,90,12.5,0.4286,2.0,True,37.3,合成履歴。遅延
SHP-ML-0225,SUP-04,STR-06,2025-12-18T13:07:12+09:00,2025-12-18T13:07:12+09:00,arrived,5.12,44.8,3,12,False,8,12.5,0.6667,1.5,False,0.0,合成履歴。定刻到着
SHP-ML-0226,SUP-03,STR-06,2025-12-19T12:46:48+09:00,2025-12-19T12:46:48+09:00,arrived,4.78,31.1,4,12,False,76,0.0,0.5,1.5,False,0.0,合成履歴。定刻到着
SHP-ML-0227,SUP-03,STR-06,2025-12-22T12:46:48+09:00,2025-12-22T12:46:48+09:00,arrived,4.78,31.1,0,12,False,51,0.0,0.4444,1.5,False,0.0,合成履歴。定刻到着
SHP-ML-0228,SUP-04,STR-02,2025-12-22T13:01:12+09:00,2025-12-23T10:49:12+09:00,arrived,5.02,40.9,0,12,False,74,0.0,0.5,2.5,True,21.8,合成履歴。遅延
SHP-ML-0229,SUP-03,STR-05,2025-12-23T12:38:24+09:00,2025-12-23T12:38:24+09:00,arrived,4.64,25.7,1,12,False,71,0.0,0.4,2.0,False,0.0,合成履歴。定刻到着
SHP-ML-0230,SUP-02,STR-05,2025-12-23T13:05:24+09:00,2025-12-23T13:05:24+09:00,arrived,5.09,43.6,1,12,False,73,0.0,0.3333,2.0,False,0.0,合成履歴。定刻到着
SHP-ML-0231,SUP-03,STR-02,2025-12-24T12:16:12+09:00,2025-12-24T12:16:12+09:00,arrived,4.27,10.9,2,12,False,18,2.3,0.3636,2.5,False,0.0,合成履歴。定刻到着
SHP-ML-0232,SUP-02,STR-04,2025-12-25T12:55:48+09:00,2025-12-26T17:49:48+09:00,arrived,4.93,37.1,3,12,False,40,21.1,0.3,1.0,True,28.9,合成履歴。遅延
SHP-ML-0233,SUP-04,STR-03,2025-12-25T13:26:24+09:00,2025-12-25T13:26:24+09:00,arrived,5.44,57.6,3,12,False,68,21.1,0.5714,3.0,False,0.0,合成履歴。定刻到着
SHP-ML-0234,SUP-02,STR-05,2025-12-26T13:05:24+09:00,2025-12-26T13:05:24+09:00,arrived,5.09,43.6,4,12,False,82,6.8,0.3333,2.0,False,0.0,合成履歴。定刻到着
SHP-ML-0235,SUP-01,STR-04,2025-12-27T12:26:24+09:00,2025-12-27T12:26:24+09:00,arrived,4.44,17.6,5,12,False,62,0.0,0.2857,1.0,False,0.0,合成履歴。定刻到着
SHP-ML-0236,SUP-01,STR-05,2025-12-28T12:37:48+09:00,2025-12-28T12:37:48+09:00,arrived,4.63,25.4,6,12,False,73,0.0,0.2857,2.0,False,0.0,合成履歴。定刻到着
SHP-ML-0237,SUP-01,STR-05,2025-12-28T12:37:48+09:00,2025-12-28T12:37:48+09:00,arrived,4.63,25.4,6,12,False,59,0.0,0.2857,2.0,False,0.0,合成履歴。定刻到着
SHP-ML-0238,SUP-02,STR-06,2025-12-28T12:37:48+09:00,2025-12-28T12:37:48+09:00,arrived,4.63,25.4,6,12,False,51,0.0,0.3,1.5,False,0.0,合成履歴。定刻到着
SHP-ML-0239,SUP-02,STR-06,2025-12-31T12:37:48+09:00,2025-12-31T12:37:48+09:00,arrived,4.63,25.4,2,12,False,21,4.9,0.3,1.5,False,0.0,合成履歴。定刻到着
SHP-ML-0240,SUP-01,STR-04,2026-01-01T12:26:24+09:00,2026-01-01T12:26:24+09:00,arrived,4.44,17.6,3,1,True,34,0.0,0.1429,1.0,False,0.0,合成履歴。定刻到着
SHP-ML-0241,SUP-01,STR-06,2026-01-02T12:37:12+09:00,2026-01-02T12:37:12+09:00,arrived,4.62,25.0,4,1,False,61,0.0,0.125,1.5,False,0.0,合成履歴。定刻到着
SHP-ML-0242,SUP-01,STR-05,2026-01-03T12:37:48+09:00,2026-01-03T12:37:48+09:00,arrived,4.63,25.4,5,1,False,98,0.0,0.1111,2.0,False,0.0,合成履歴。定刻到着
SHP-ML-0243,SUP-02,STR-01,2026-01-04T12:36:00+09:00,2026-01-04T12:36:00+09:00,arrived,4.6,23.9,6,1,False,80,0.0,0.2222,2.0,False,0.0,合成履歴。定刻到着
SHP-ML-0244,SUP-01,STR-05,2026-01-04T12:37:48+09:00,2026-01-04T12:37:48+09:00,arrived,4.63,25.4,6,1,False,78,0.0,0.1,2.0,False,0.0,合成履歴。定刻到着
SHP-ML-0245,SUP-05,STR-02,2026-01-04T15:30:36+09:00,2026-01-05T05:00:36+09:00,arrived,7.51,140.4,6,1,False,34,0.0,0.0,2.5,True,13.5,合成履歴。遅延
SHP-ML-0246,SUP-03,STR-03,2026-01-05T12:29:24+09:00,2026-01-05T12:29:24+09:00,arrived,4.49,19.6,0,1,False,72,0.0,0.3333,3.0,False,0.0,合成履歴。定刻到着
SHP-ML-0247,SUP-02,STR-01,2026-01-06T12:36:00+09:00,2026-01-06T12:36:00+09:00,arrived,4.6,23.9,1,1,False,46,0.0,0.2,2.0,False,0.0,合成履歴。定刻到着
SHP-ML-0248,SUP-01,STR-06,2026-01-06T12:37:12+09:00,2026-01-06T12:37:12+09:00,arrived,4.62,25.0,1,1,False,78,0.0,0.0909,1.5,False,0.0,合成履歴。定刻到着
SHP-ML-0249,SUP-01,STR-02,2026-01-07T12:19:48+09:00,2026-01-07T12:19:48+09:00,arrived,4.33,13.4,2,1,False,74,0.0,0.0833,2.5,False,0.0,合成履歴。定刻到着
SHP-ML-0250,SUP-01,STR-05,2026-01-08T12:37:48+09:00,2026-01-08T12:37:48+09:00,arrived,4.63,25.4,3,1,False,49,0.0,0.0769,2.0,False,0.0,合成履歴。定刻到着
SHP-ML-0251,SUP-04,STR-03,2026-01-09T13:26:24+09:00,2026-01-09T13:26:24+09:00,arrived,5.44,57.6,4,1,False,73,0.0,0.5,3.0,False,0.0,合成履歴。定刻到着
SHP-ML-0252,SUP-01,STR-05,2026-01-10T12:37:48+09:00,2026-01-10T12:37:48+09:00,arrived,4.63,25.4,5,1,False,56,1.1,0.0714,2.0,False,0.0,合成履歴。定刻到着
SHP-ML-0253,SUP-05,STR-01,2026-01-10T15:22:48+09:00,2026-01-10T15:22:48+09:00,arrived,7.38,135.3,5,1,False,16,1.1,1.0,2.0,False,0.0,合成履歴。定刻到着
SHP-ML-0254,SUP-01,STR-04,2026-01-12T12:26:24+09:00,2026-01-13T14:44:24+09:00,arrived,4.44,17.6,0,1,True,71,14.3,0.0714,1.0,True,26.3,合成履歴。遅延
SHP-ML-0255,SUP-02,STR-02,2026-01-12T12:45:36+09:00,2026-01-13T15:27:36+09:00,arrived,4.76,30.4,0,1,True,41,14.3,0.125,2.5,True,26.7,合成履歴。遅延
SHP-ML-0256,SUP-02,STR-02,2026-01-13T12:45:36+09:00,2026-01-15T11:21:36+09:00,arrived,4.76,30.4,1,1,False,45,0.0,0.2222,2.5,True,46.6,合成履歴。遅延
SHP-ML-0257,SUP-04,STR-04,2026-01-14T12:58:48+09:00,2026-01-14T12:58:48+09:00,arrived,4.98,39.2,2,1,False,31,0.0,0.2,1.0,False,0.0,合成履歴。定刻到着
SHP-ML-0258,SUP-03,STR-02,2026-01-16T12:16:12+09:00,2026-01-16T12:16:12+09:00,arrived,4.27,10.9,4,1,False,66,0.0,0.2857,2.5,False,0.0,合成履歴。定刻到着
SHP-ML-0259,SUP-01,STR-06,2026-01-16T12:37:12+09:00,2026-01-16T12:37:12+09:00,arrived,4.62,25.0,4,1,False,49,0.0,0.0769,1.5,False,0.0,合成履歴。定刻到着
SHP-ML-0260,SUP-04,STR-04,2026-01-17T12:58:48+09:00,2026-01-18T10:58:48+09:00,arrived,4.98,39.2,5,1,False,46,10.8,0.2,1.0,True,22.0,合成履歴。遅延
SHP-ML-0261,SUP-02,STR-05,2026-01-17T13:05:24+09:00,2026-01-17T13:05:24+09:00,arrived,5.09,43.6,5,1,False,52,10.8,0.3333,2.0,False,0.0,合成履歴。定刻到着
SHP-ML-0262,SUP-01,STR-04,2026-01-19T12:26:24+09:00,2026-01-19T12:26:24+09:00,arrived,4.44,17.6,0,1,False,27,5.4,0.0769,1.0,False,0.0,合成履歴。定刻到着
SHP-ML-0263,SUP-02,STR-01,2026-01-19T12:36:00+09:00,2026-01-20T17:48:00+09:00,arrived,4.6,23.9,0,1,False,45,5.4,0.3,2.0,True,29.2,合成履歴。遅延
SHP-ML-0264,SUP-01,STR-04,2026-01-21T12:26:24+09:00,2026-01-21T12:26:24+09:00,arrived,4.44,17.6,2,1,False,56,30.4,0.0714,1.0,False,0.0,合成履歴。定刻到着
SHP-ML-0265,SUP-03,STR-02,2026-01-22T12:16:12+09:00,2026-01-22T12:16:12+09:00,arrived,4.27,10.9,3,1,False,47,0.0,0.0,2.5,False,0.0,合成履歴。定刻到着
SHP-ML-0266,SUP-02,STR-01,2026-01-22T12:36:00+09:00,2026-01-22T12:36:00+09:00,arrived,4.6,23.9,3,1,False,64,0.0,0.3636,2.0,False,0.0,合成履歴。定刻到着
SHP-ML-0267,SUP-01,STR-03,2026-01-23T12:31:48+09:00,2026-01-23T12:31:48+09:00,arrived,4.53,21.2,4,1,False,30,0.0,0.0667,3.0,False,0.0,合成履歴。定刻到着
SHP-ML-0268,SUP-02,STR-01,2026-01-23T12:36:00+09:00,2026-01-23T12:36:00+09:00,arrived,4.6,23.9,4,1,False,53,0.0,0.3636,2.0,False,0.0,合成履歴。定刻到着
SHP-ML-0269,SUP-01,STR-04,2026-01-24T12:26:24+09:00,2026-01-24T12:26:24+09:00,arrived,4.44,17.6,5,1,False,77,0.0,0.0625,1.0,False,0.0,合成履歴。定刻到着
SHP-ML-0270,SUP-02,STR-03,2026-01-24T13:01:12+09:00,2026-01-24T13:01:12+09:00,arrived,5.02,40.9,5,1,False,33,0.0,0.2727,3.0,False,0.0,合成履歴。定刻到着
SHP-ML-0271,SUP-01,STR-01,2026-01-25T12:05:24+09:00,2026-01-25T12:05:24+09:00,arrived,4.09,3.8,6,1,False,87,0.0,0.0588,2.0,False,0.0,合成履歴。定刻到着
SHP-ML-0272,SUP-01,STR-05,2026-01-26T12:37:48+09:00,2026-01-26T12:37:48+09:00,arrived,4.63,25.4,0,1,False,48,0.0,0.0588,2.0,False,0.0,合成履歴。定刻到着
SHP-ML-0273,SUP-04,STR-04,2026-01-26T12:58:48+09:00,2026-01-26T12:58:48+09:00,arrived,4.98,39.2,0,1,False,22,0.0,0.3333,1.0,False,0.0,合成履歴。定刻到着
SHP-ML-0274,SUP-02,STR-06,2026-01-27T12:37:48+09:00,2026-01-28T05:13:48+09:00,arrived,4.63,25.4,1,1,False,121,0.0,0.2727,1.5,True,16.6,合成履歴。遅延
SHP-ML-0275,SUP-01,STR-04,2026-01-28T12:26:24+09:00,2026-01-28T12:26:24+09:00,arrived,4.44,17.6,2,1,False,75,0.0,0.0625,1.0,False,0.0,合成履歴。定刻到着
SHP-ML-0276,SUP-01,STR-05,2026-01-28T12:37:48+09:00,2026-01-28T12:37:48+09:00,arrived,4.63,25.4,2,1,False,77,0.0,0.0588,2.0,False,0.0,合成履歴。定刻到着
SHP-ML-0277,SUP-05,STR-01,2026-01-29T15:22:48+09:00,2026-01-29T15:22:48+09:00,arrived,7.38,135.3,3,1,False,46,0.0,0.5,2.0,False,0.0,合成履歴。定刻到着
SHP-ML-0278,SUP-05,STR-03,2026-01-29T15:47:24+09:00,2026-01-29T15:47:24+09:00,arrived,7.79,151.5,3,1,False,75,0.0,0.3333,3.0,False,0.0,合成履歴。定刻到着
SHP-ML-0279,SUP-02,STR-06,2026-01-30T12:37:48+09:00,2026-01-30T12:37:48+09:00,arrived,4.63,25.4,4,1,False,37,1.0,0.3636,1.5,False,0.0,合成履歴。定刻到着
SHP-ML-0280,SUP-04,STR-04,2026-01-30T12:58:48+09:00,2026-01-31T02:16:48+09:00,arrived,4.98,39.2,4,1,False,63,1.0,0.25,1.0,True,13.3,合成履歴。遅延
SHP-ML-0281,SUP-04,STR-01,2026-01-30T13:22:48+09:00,2026-02-01T09:52:48+09:00,arrived,5.38,55.3,4,1,False,50,1.0,0.4,2.0,True,44.5,合成履歴。遅延
SHP-ML-0282,SUP-05,STR-05,2026-01-30T15:49:12+09:00,2026-01-30T15:49:12+09:00,arrived,7.82,152.7,4,1,False,25,1.0,0.25,2.0,False,0.0,合成履歴。定刻到着
SHP-ML-0283,SUP-02,STR-04,2026-01-31T12:55:48+09:00,2026-02-02T10:55:48+09:00,arrived,4.93,37.1,5,1,False,56,0.2,0.3636,1.0,True,46.0,合成履歴。遅延
SHP-ML-0284,SUP-02,STR-01,2026-02-01T12:36:00+09:00,2026-02-01T12:36:00+09:00,arrived,4.6,23.9,6,2,False,8,0.0,0.4167,2.0,False,0.0,合成履歴。定刻到着
SHP-ML-0285,SUP-02,STR-02,2026-02-01T12:45:36+09:00,2026-02-01T12:45:36+09:00,arrived,4.76,30.4,6,2,False,29,0.0,0.3846,2.5,False,0.0,合成履歴。定刻到着
SHP-ML-0286,SUP-03,STR-06,2026-02-01T12:46:48+09:00,2026-02-01T12:46:48+09:00,arrived,4.78,31.1,6,2,False,56,0.0,0.0,1.5,False,0.0,合成履歴。定刻到着
SHP-ML-0287,SUP-03,STR-06,2026-02-02T12:46:48+09:00,2026-02-02T12:46:48+09:00,arrived,4.78,31.1,0,2,False,55,0.0,0.0,1.5,False,0.0,合成履歴。定刻到着
SHP-ML-0288,SUP-03,STR-06,2026-02-02T12:46:48+09:00,2026-02-02T12:46:48+09:00,arrived,4.78,31.1,0,2,False,79,0.0,0.0,1.5,False,0.0,合成履歴。定刻到着
SHP-ML-0289,SUP-05,STR-05,2026-02-02T15:49:12+09:00,2026-02-02T15:49:12+09:00,arrived,7.82,152.7,0,2,False,8,0.0,0.2,2.0,False,0.0,合成履歴。定刻到着
SHP-ML-0290,SUP-03,STR-02,2026-02-04T12:16:12+09:00,2026-02-04T12:16:12+09:00,arrived,4.27,10.9,2,2,False,8,0.0,0.0,2.5,False,0.0,合成履歴。定刻到着
SHP-ML-0291,SUP-05,STR-04,2026-02-04T15:42:00+09:00,2026-02-05T03:36:00+09:00,arrived,7.7,147.8,2,2,False,55,0.0,0.0,1.0,True,11.9,合成履歴。遅延
SHP-ML-0292,SUP-01,STR-02,2026-02-07T12:19:48+09:00,2026-02-07T12:19:48+09:00,arrived,4.33,13.4,5,2,False,59,0.0,0.0833,2.5,False,0.0,合成履歴。定刻到着
SHP-ML-0293,SUP-02,STR-04,2026-02-07T12:55:48+09:00,2026-02-07T12:55:48+09:00,arrived,4.93,37.1,5,2,False,60,0.0,0.4167,1.0,False,0.0,合成履歴。定刻到着
SHP-ML-0294,SUP-01,STR-02,2026-02-09T12:19:48+09:00,2026-02-11T11:25:48+09:00,arrived,4.33,13.4,0,2,False,25,2.9,0.0833,2.5,True,47.1,合成履歴。遅延
SHP-ML-0295,SUP-03,STR-02,2026-02-11T12:16:12+09:00,2026-02-11T12:16:12+09:00,arrived,4.27,10.9,2,2,True,30,0.0,0.0,2.5,False,0.0,合成履歴。定刻到着
SHP-ML-0296,SUP-01,STR-06,2026-02-11T12:37:12+09:00,2026-02-11T12:37:12+09:00,arrived,4.62,25.0,2,2,True,27,0.0,0.0909,1.5,False,0.0,合成履歴。定刻到着
SHP-ML-0297,SUP-04,STR-04,2026-02-11T12:58:48+09:00,2026-02-11T12:58:48+09:00,arrived,4.98,39.2,2,2,True,26,0.0,0.6,1.0,False,0.0,合成履歴。定刻到着
SHP-ML-0298,SUP-02,STR-02,2026-02-12T12:45:36+09:00,2026-02-12T12:45:36+09:00,arrived,4.76,30.4,3,2,False,40,10.1,0.3333,2.5,False,0.0,合成履歴。定刻到着
SHP-ML-0299,SUP-02,STR-04,2026-02-12T12:55:48+09:00,2026-02-12T12:55:48+09:00,arrived,4.93,37.1,3,2,False,56,10.1,0.25,1.0,False,0.0,合成履歴。定刻到着
SHP-ML-0300,SUP-04,STR-06,2026-02-12T13:07:12+09:00,2026-02-14T12:31:12+09:00,arrived,5.12,44.8,3,2,False,60,10.1,0.5,1.5,True,47.4,合成履歴。遅延
SHP-ML-0301,SUP-05,STR-02,2026-02-12T15:30:36+09:00,2026-02-12T15:30:36+09:00,arrived,7.51,140.4,3,2,False,66,10.1,0.2,2.5,False,0.0,合成履歴。定刻到着
SHP-ML-0302,SUP-03,STR-06,2026-02-15T12:46:48+09:00,2026-02-15T12:46:48+09:00,arrived,4.78,31.1,6,2,False,53,4.9,0.0,1.5,False,0.0,合成履歴。定刻到着
SHP-ML-0303,SUP-01,STR-04,2026-02-16T12:26:24+09:00,2026-02-16T20:02:24+09:00,arrived,4.44,17.6,0,2,False,62,0.0,0.0909,1.0,True,7.6,合成履歴。遅延
SHP-ML-0304,SUP-02,STR-06,2026-02-16T12:37:48+09:00,2026-02-16T12:37:48+09:00,arrived,4.63,25.4,0,2,False,42,0.0,0.2308,1.5,False,0.0,合成履歴。定刻到着
SHP-ML-0305,SUP-03,STR-06,2026-02-17T12:46:48+09:00,2026-02-17T12:46:48+09:00,arrived,4.78,31.1,1,2,False,82,0.0,0.0,1.5,False,0.0,合成履歴。定刻到着
SHP-ML-0306,SUP-02,STR-04,2026-02-18T12:55:48+09:00,2026-02-18T12:55:48+09:00,arrived,4.93,37.1,2,2,False,50,6.3,0.1667,1.0,False,0.0,合成履歴。定刻到着
SHP-ML-0307,SUP-03,STR-01,2026-02-19T12:28:48+09:00,2026-02-19T12:28:48+09:00,arrived,4.48,19.3,3,2,False,58,0.0,0.0,2.0,False,0.0,合成履歴。定刻到着
SHP-ML-0308,SUP-02,STR-03,2026-02-19T13:01:12+09:00,2026-02-19T13:01:12+09:00,arrived,5.02,40.9,3,2,False,87,0.0,0.1538,3.0,False,0.0,合成履歴。定刻到着
SHP-ML-0309,SUP-04,STR-02,2026-02-21T13:01:12+09:00,2026-02-21T13:01:12+09:00,arrived,5.02,40.9,5,2,False,61,0.0,0.6,2.5,False,0.0,合成履歴。定刻到着
SHP-ML-0310,SUP-04,STR-05,2026-02-21T13:34:48+09:00,2026-02-21T13:34:48+09:00,arrived,5.58,63.4,5,2,False,51,0.0,0.5,2.0,False,0.0,合成履歴。定刻到着
SHP-ML-0311,SUP-04,STR-01,2026-02-22T13:22:48+09:00,2026-02-22T13:22:48+09:00,arrived,5.38,55.3,6,2,False,86,0.0,0.4286,2.0,False,0.0,合成履歴。定刻到着
SHP-ML-0312,SUP-02,STR-04,2026-02-23T12:55:48+09:00,2026-02-23T12:55:48+09:00,arrived,4.93,37.1,0,2,True,40,0.0,0.1667,1.0,False,0.0,合成履歴。定刻到着
SHP-ML-0313,SUP-01,STR-05,2026-02-24T12:37:48+09:00,2026-02-24T12:37:48+09:00,arrived,4.63,25.4,1,2,False,61,1.8,0.2857,2.0,False,0.0,合成履歴。定刻到着
SHP-ML-0314,SUP-02,STR-05,2026-02-24T13:05:24+09:00,2026-02-26T06:29:24+09:00,arrived,5.09,43.6,1,2,False,52,1.8,0.1667,2.0,True,41.4,合成履歴。遅延
SHP-ML-0315,SUP-01,STR-03,2026-02-25T12:31:48+09:00,2026-02-25T12:31:48+09:00,arrived,4.53,21.2,2,2,False,27,0.0,0.25,3.0,False,0.0,合成履歴。定刻到着
SHP-ML-0316,SUP-01,STR-04,2026-02-26T12:26:24+09:00,2026-02-26T12:26:24+09:00,arrived,4.44,17.6,3,2,False,61,0.0,0.25,1.0,False,0.0,合成履歴。定刻到着
SHP-ML-0317,SUP-02,STR-01,2026-02-27T12:36:00+09:00,2026-02-27T12:36:00+09:00,arrived,4.6,23.9,4,2,False,45,1.1,0.1667,2.0,False,0.0,合成履歴。定刻到着
SHP-ML-0318,SUP-05,STR-05,2026-02-27T15:49:12+09:00,2026-02-27T15:49:12+09:00,arrived,7.82,152.7,4,2,False,53,1.1,0.1667,2.0,False,0.0,合成履歴。定刻到着
SHP-ML-0319,SUP-01,STR-01,2026-02-28T12:05:24+09:00,2026-02-28T12:05:24+09:00,arrived,4.09,3.8,5,2,False,27,2.4,0.2857,2.0,False,0.0,合成履歴。定刻到着
SHP-ML-0320,SUP-01,STR-03,2026-02-28T12:31:48+09:00,2026-02-28T12:31:48+09:00,arrived,4.53,21.2,5,2,False,64,2.4,0.25,3.0,False,0.0,合成履歴。定刻到着
SHP-ML-0321,SUP-04,STR-06,2026-02-28T13:07:12+09:00,2026-03-01T13:19:12+09:00,arrived,5.12,44.8,5,2,False,60,2.4,0.4286,1.5,True,24.2,合成履歴。遅延
SHP-ML-0322,SUP-03,STR-02,2026-03-01T12:16:12+09:00,2026-03-01T12:16:12+09:00,arrived,4.27,10.9,6,3,False,52,15.4,0.0,2.5,False,0.0,合成履歴。定刻到着
SHP-ML-0323,SUP-04,STR-01,2026-03-01T13:22:48+09:00,2026-03-01T13:22:48+09:00,arrived,5.38,55.3,6,3,False,67,15.4,0.4286,2.0,False,0.0,合成履歴。定刻到着
SHP-ML-0324,SUP-01,STR-04,2026-03-02T12:26:24+09:00,2026-03-02T12:26:24+09:00,arrived,4.44,17.6,0,3,False,32,0.0,0.2222,1.0,False,0.0,合成履歴。定刻到着
SHP-ML-0325,SUP-02,STR-01,2026-03-02T12:36:00+09:00,2026-03-02T12:36:00+09:00,arrived,4.6,23.9,0,3,False,46,0.0,0.1667,2.0,False,0.0,合成履歴。定刻到着
SHP-ML-0326,SUP-02,STR-01,2026-03-02T12:36:00+09:00,2026-03-02T12:36:00+09:00,arrived,4.6,23.9,0,3,False,70,0.0,0.1667,2.0,False,0.0,合成履歴。定刻到着
SHP-ML-0327,SUP-01,STR-05,2026-03-02T12:37:48+09:00,2026-03-02T12:37:48+09:00,arrived,4.63,25.4,0,3,False,14,0.0,0.2,2.0,False,0.0,合成履歴。定刻到着
SHP-ML-0328,SUP-03,STR-05,2026-03-02T12:38:24+09:00,2026-03-02T12:38:24+09:00,arrived,4.64,25.7,0,3,False,37,0.0,0.0,2.0,False,0.0,合成履歴。定刻到着
SHP-ML-0329,SUP-02,STR-04,2026-03-02T12:55:48+09:00,2026-03-02T12:55:48+09:00,arrived,4.93,37.1,0,3,False,40,0.0,0.1429,1.0,False,0.0,合成履歴。定刻到着
SHP-ML-0330,SUP-01,STR-01,2026-03-04T12:05:24+09:00,2026-03-04T12:05:24+09:00,arrived,4.09,3.8,2,3,False,39,0.0,0.1818,2.0,False,0.0,合成履歴。定刻到着
SHP-ML-0331,SUP-01,STR-02,2026-03-04T12:19:48+09:00,2026-03-05T23:49:48+09:00,arrived,4.33,13.4,2,3,False,19,0.0,0.1667,2.5,True,35.5,合成履歴。遅延
SHP-ML-0332,SUP-01,STR-02,2026-03-04T12:19:48+09:00,2026-03-04T12:19:48+09:00,arrived,4.33,13.4,2,3,False,27,0.0,0.1667,2.5,False,0.0,合成履歴。定刻到着
SHP-ML-0333,SUP-01,STR-05,2026-03-04T12:37:48+09:00,2026-03-04T12:37:48+09:00,arrived,4.63,25.4,2,3,False,74,0.0,0.2143,2.0,False,0.0,合成履歴。定刻到着
SHP-ML-0334,SUP-02,STR-01,2026-03-07T12:36:00+09:00,2026-03-07T12:36:00+09:00,arrived,4.6,23.9,5,3,False,63,5.2,0.0833,2.0,False,0.0,合成履歴。定刻到着
SHP-ML-0335,SUP-02,STR-04,2026-03-07T12:55:48+09:00,2026-03-07T12:55:48+09:00,arrived,4.93,37.1,5,3,False,48,5.2,0.0769,1.0,False,0.0,合成履歴。定刻到着
SHP-ML-0336,SUP-01,STR-01,2026-03-08T12:05:24+09:00,2026-03-08T12:05:24+09:00,arrived,4.09,3.8,6,3,False,66,1.9,0.2,2.0,False,0.0,合成履歴。定刻到着
SHP-ML-0337,SUP-03,STR-02,2026-03-08T12:16:12+09:00,2026-03-08T12:16:12+09:00,arrived,4.27,10.9,6,3,False,45,1.9,0.0,2.5,False,0.0,合成履歴。定刻到着
SHP-ML-0338,SUP-03,STR-02,2026-03-08T12:16:12+09:00,2026-03-08T12:16:12+09:00,arrived,4.27,10.9,6,3,False,103,1.9,0.0,2.5,False,0.0,合成履歴。定刻到着
SHP-ML-0339,SUP-01,STR-06,2026-03-08T12:37:12+09:00,2026-03-08T12:37:12+09:00,arrived,4.62,25.0,6,3,False,62,1.9,0.1875,1.5,False,0.0,合成履歴。定刻到着
SHP-ML-0340,SUP-02,STR-06,2026-03-08T12:37:48+09:00,2026-03-09T23:01:48+09:00,arrived,4.63,25.4,6,3,False,56,1.9,0.0714,1.5,True,34.4,合成履歴。遅延
SHP-ML-0341,SUP-02,STR-04,2026-03-08T12:55:48+09:00,2026-03-08T12:55:48+09:00,arrived,4.93,37.1,6,3,False,40,1.9,0.1333,1.0,False,0.0,合成履歴。定刻到着
SHP-ML-0342,SUP-03,STR-05,2026-03-10T12:38:24+09:00,2026-03-10T12:38:24+09:00,arrived,4.64,25.7,1,3,False,53,0.0,0.0,2.0,False,0.0,合成履歴。定刻到着
SHP-ML-0343,SUP-05,STR-03,2026-03-12T15:47:24+09:00,2026-03-13T03:35:24+09:00,arrived,7.79,151.5,3,3,False,46,0.0,0.0,3.0,True,11.8,合成履歴。遅延
SHP-ML-0344,SUP-01,STR-06,2026-03-13T12:37:12+09:00,2026-03-13T12:37:12+09:00,arrived,4.62,25.0,4,3,False,92,0.0,0.1333,1.5,False,0.0,合成履歴。定刻到着
SHP-ML-0345,SUP-02,STR-06,2026-03-13T12:37:48+09:00,2026-03-13T23:49:48+09:00,arrived,4.63,25.4,4,3,False,83,0.0,0.1333,1.5,True,11.2,合成履歴。遅延
SHP-ML-0346,SUP-01,STR-02,2026-03-14T12:19:48+09:00,2026-03-14T12:19:48+09:00,arrived,4.33,13.4,5,3,False,46,0.0,0.1333,2.5,False,0.0,合成履歴。定刻到着
SHP-ML-0347,SUP-01,STR-04,2026-03-14T12:26:24+09:00,2026-03-14T12:26:24+09:00,arrived,4.44,17.6,5,3,False,39,0.0,0.125,1.0,False,0.0,合成履歴。定刻到着
SHP-ML-0348,SUP-03,STR-05,2026-03-14T12:38:24+09:00,2026-03-14T12:38:24+09:00,arrived,4.64,25.7,5,3,False,18,0.0,0.0,2.0,False,0.0,合成履歴。定刻到着
SHP-ML-0349,SUP-03,STR-06,2026-03-16T12:46:48+09:00,2026-03-16T12:46:48+09:00,arrived,4.78,31.1,0,3,False,61,0.0,0.0,1.5,False,0.0,合成履歴。定刻到着
SHP-ML-0350,SUP-02,STR-04,2026-03-17T12:55:48+09:00,2026-03-17T12:55:48+09:00,arrived,4.93,37.1,1,3,False,38,114.1,0.2143,1.0,False,0.0,合成履歴。定刻到着
SHP-ML-0351,SUP-02,STR-03,2026-03-17T13:01:12+09:00,2026-03-17T13:01:12+09:00,arrived,5.02,40.9,1,3,False,76,114.1,0.2,3.0,False,0.0,合成履歴。定刻到着
SHP-ML-0352,SUP-02,STR-05,2026-03-17T13:05:24+09:00,2026-03-18T02:59:24+09:00,arrived,5.09,43.6,1,3,False,63,114.1,0.1875,2.0,True,13.9,合成履歴。遅延
SHP-ML-0353,SUP-02,STR-06,2026-03-18T12:37:48+09:00,2026-03-20T11:31:48+09:00,arrived,4.63,25.4,2,3,False,55,0.0,0.2353,1.5,True,46.9,合成履歴。遅延
SHP-ML-0354,SUP-02,STR-06,2026-03-20T12:37:48+09:00,2026-03-21T02:13:48+09:00,arrived,4.63,25.4,4,3,True,87,9.3,0.2941,1.5,True,13.6,合成履歴。遅延
SHP-ML-0355,SUP-04,STR-04,2026-03-21T12:58:48+09:00,2026-03-21T12:58:48+09:00,arrived,4.98,39.2,5,3,False,76,0.0,0.2,1.0,False,0.0,合成履歴。定刻到着
SHP-ML-0356,SUP-02,STR-02,2026-03-23T12:45:36+09:00,2026-03-24T02:39:36+09:00,arrived,4.76,30.4,0,3,False,37,0.0,0.375,2.5,True,13.9,合成履歴。遅延
SHP-ML-0357,SUP-02,STR-05,2026-03-24T13:05:24+09:00,2026-03-24T22:47:24+09:00,arrived,5.09,43.6,1,3,False,72,4.5,0.4118,2.0,True,9.7,合成履歴。遅延
SHP-ML-0358,SUP-01,STR-05,2026-03-25T12:37:48+09:00,2026-03-25T12:37:48+09:00,arrived,4.63,25.4,2,3,False,36,30.9,0.0625,2.0,False,0.0,合成履歴。定刻到着
SHP-ML-0359,SUP-02,STR-03,2026-03-25T13:01:12+09:00,2026-03-25T13:01:12+09:00,arrived,5.02,40.9,2,3,False,57,30.9,0.4706,3.0,False,0.0,合成履歴。定刻到着
SHP-ML-0360,SUP-04,STR-01,2026-03-25T13:22:48+09:00,2026-03-27T12:10:48+09:00,arrived,5.38,55.3,2,3,False,59,30.9,0.3333,2.0,True,46.8,合成履歴。遅延
SHP-ML-0361,SUP-02,STR-06,2026-03-26T12:37:48+09:00,2026-03-26T12:37:48+09:00,arrived,4.63,25.4,3,3,False,65,0.0,0.4444,1.5,False,0.0,合成履歴。定刻到着
SHP-ML-0362,SUP-01,STR-02,2026-03-27T12:19:48+09:00,2026-03-27T12:19:48+09:00,arrived,4.33,13.4,4,3,False,80,0.0,0.0625,2.5,False,0.0,合成履歴。定刻到着
SHP-ML-0363,SUP-01,STR-04,2026-03-28T12:26:24+09:00,2026-03-28T12:26:24+09:00,arrived,4.44,17.6,5,3,False,35,0.0,0.0625,1.0,False,0.0,合成履歴。定刻到着
SHP-ML-0364,SUP-01,STR-06,2026-03-29T12:37:12+09:00,2026-03-30T05:07:12+09:00,arrived,4.62,25.0,6,3,False,85,0.0,0.0625,1.5,True,16.5,合成履歴。遅延
SHP-ML-0365,SUP-02,STR-06,2026-03-30T12:37:48+09:00,2026-03-30T20:01:48+09:00,arrived,4.63,25.4,0,3,False,86,0.0,0.4118,1.5,True,7.4,合成履歴。遅延
SHP-ML-0366,SUP-03,STR-06,2026-03-31T12:46:48+09:00,2026-03-31T12:46:48+09:00,arrived,4.78,31.1,1,3,False,45,0.0,0.0,1.5,False,0.0,合成履歴。定刻到着
SHP-ML-0367,SUP-01,STR-03,2026-04-01T12:31:48+09:00,2026-04-01T12:31:48+09:00,arrived,4.53,21.2,2,4,False,68,8.0,0.1429,3.0,False,0.0,合成履歴。定刻到着
SHP-ML-0368,SUP-05,STR-05,2026-04-02T15:49:12+09:00,2026-04-03T14:25:12+09:00,arrived,7.82,152.7,3,4,False,80,0.0,1.0,2.0,True,22.6,合成履歴。遅延
SHP-ML-0369,SUP-01,STR-01,2026-04-03T12:05:24+09:00,2026-04-03T12:05:24+09:00,arrived,4.09,3.8,4,4,False,78,3.6,0.1429,2.0,False,0.0,合成履歴。定刻到着
SHP-ML-0370,SUP-03,STR-01,2026-04-03T12:28:48+09:00,2026-04-03T12:28:48+09:00,arrived,4.48,19.3,4,4,False,44,3.6,0.0,2.0,False,0.0,合成履歴。定刻到着
SHP-ML-0371,SUP-03,STR-04,2026-04-05T12:04:48+09:00,2026-04-05T12:04:48+09:00,arrived,4.08,3.2,6,4,False,47,0.0,0.0,1.0,False,0.0,合成履歴。定刻到着
SHP-ML-0372,SUP-04,STR-04,2026-04-05T12:58:48+09:00,2026-04-05T12:58:48+09:00,arrived,4.98,39.2,6,4,False,97,0.0,0.5,1.0,False,0.0,合成履歴。定刻到着
SHP-ML-0373,SUP-04,STR-02,2026-04-06T13:01:12+09:00,2026-04-06T13:01:12+09:00,arrived,5.02,40.9,0,4,False,49,0.0,0.3333,2.5,False,0.0,合成履歴。定刻到着
SHP-ML-0374,SUP-01,STR-04,2026-04-07T12:26:24+09:00,2026-04-07T12:26:24+09:00,arrived,4.44,17.6,1,4,False,74,0.0,0.1,1.0,False,0.0,合成履歴。定刻到着
SHP-ML-0375,SUP-01,STR-06,2026-04-09T12:37:12+09:00,2026-04-09T12:37:12+09:00,arrived,4.62,25.0,3,4,False,69,0.0,0.1,1.5,False,0.0,合成履歴。定刻到着
SHP-ML-0376,SUP-03,STR-05,2026-04-09T12:38:24+09:00,2026-04-09T12:38:24+09:00,arrived,4.64,25.7,3,4,False,36,0.0,0.0,2.0,False,0.0,合成履歴。定刻到着
SHP-ML-0377,SUP-01,STR-03,2026-04-11T12:31:48+09:00,2026-04-11T12:31:48+09:00,arrived,4.53,21.2,5,4,False,20,0.1,0.0909,3.0,False,0.0,合成履歴。定刻到着
SHP-ML-0378,SUP-04,STR-02,2026-04-13T13:01:12+09:00,2026-04-14T17:37:12+09:00,arrived,5.02,40.9,0,4,False,30,0.0,0.25,2.5,True,28.6,合成履歴。遅延
SHP-ML-0379,SUP-01,STR-06,2026-04-14T12:37:12+09:00,2026-04-14T12:37:12+09:00,arrived,4.62,25.0,1,4,False,58,5.4,0.1111,1.5,False,0.0,合成履歴。定刻到着
SHP-ML-0380,SUP-02,STR-02,2026-04-14T12:45:36+09:00,2026-04-15T06:57:36+09:00,arrived,4.76,30.4,1,4,False,28,5.4,0.6,2.5,True,18.2,合成履歴。遅延
SHP-ML-0381,SUP-03,STR-01,2026-04-15T12:28:48+09:00,2026-04-15T12:28:48+09:00,arrived,4.48,19.3,2,4,False,88,0.0,0.0,2.0,False,0.0,合成履歴。定刻到着
SHP-ML-0382,SUP-02,STR-03,2026-04-15T13:01:12+09:00,2026-04-15T13:01:12+09:00,arrived,5.02,40.9,2,4,False,12,0.0,0.6364,3.0,False,0.0,合成履歴。定刻到着
SHP-ML-0383,SUP-02,STR-03,2026-04-15T13:01:12+09:00,2026-04-15T13:01:12+09:00,arrived,5.02,40.9,2,4,False,70,0.0,0.6364,3.0,False,0.0,合成履歴。定刻到着
SHP-ML-0384,SUP-01,STR-05,2026-04-17T12:37:48+09:00,2026-04-17T12:37:48+09:00,arrived,4.63,25.4,4,4,False,94,0.0,0.1,2.0,False,0.0,合成履歴。定刻到着
SHP-ML-0385,SUP-05,STR-04,2026-04-17T15:42:00+09:00,2026-04-17T15:42:00+09:00,arrived,7.7,147.8,4,4,False,61,0.0,1.0,1.0,False,0.0,合成履歴。定刻到着
SHP-ML-0386,SUP-03,STR-04,2026-04-18T12:04:48+09:00,2026-04-18T12:04:48+09:00,arrived,4.08,3.2,5,4,False,51,1.9,0.0,1.0,False,0.0,合成履歴。定刻到着
SHP-ML-0387,SUP-01,STR-04,2026-04-18T12:26:24+09:00,2026-04-18T12:26:24+09:00,arrived,4.44,17.6,5,4,False,26,1.9,0.0909,1.0,False,0.0,合成履歴。定刻到着
SHP-ML-0388,SUP-01,STR-02,2026-04-19T12:19:48+09:00,2026-04-19T12:19:48+09:00,arrived,4.33,13.4,6,4,False,86,0.0,0.0833,2.5,False,0.0,合成履歴。定刻到着
SHP-ML-0389,SUP-02,STR-06,2026-04-20T12:37:48+09:00,2026-04-20T12:37:48+09:00,arrived,4.63,25.4,0,4,False,84,1.2,0.5,1.5,False,0.0,合成履歴。定刻到着
SHP-ML-0390,SUP-02,STR-02,2026-04-20T12:45:36+09:00,2026-04-20T12:45:36+09:00,arrived,4.76,30.4,0,4,False,30,1.2,0.4444,2.5,False,0.0,合成履歴。定刻到着
SHP-ML-0391,SUP-04,STR-04,2026-04-20T12:58:48+09:00,2026-04-20T12:58:48+09:00,arrived,4.98,39.2,0,4,False,83,1.2,0.4,1.0,False,0.0,合成履歴。定刻到着
SHP-ML-0392,SUP-01,STR-04,2026-04-21T12:26:24+09:00,2026-04-22T22:32:24+09:00,arrived,4.44,17.6,1,4,False,24,0.0,0.0769,1.0,True,34.1,合成履歴。遅延
SHP-ML-0393,SUP-02,STR-03,2026-04-21T13:01:12+09:00,2026-04-22T13:07:12+09:00,arrived,5.02,40.9,1,4,False,59,0.0,0.4,3.0,True,24.1,合成履歴。遅延
SHP-ML-0394,SUP-04,STR-06,2026-04-21T13:07:12+09:00,2026-04-21T13:07:12+09:00,arrived,5.12,44.8,1,4,False,60,0.0,0.4,1.5,False,0.0,合成履歴。定刻到着
SHP-ML-0395,SUP-01,STR-02,2026-04-23T12:19:48+09:00,2026-04-25T11:25:48+09:00,arrived,4.33,13.4,3,4,False,52,4.8,0.1429,2.5,True,47.1,合成履歴。遅延
SHP-ML-0396,SUP-02,STR-01,2026-04-23T12:36:00+09:00,2026-04-23T12:36:00+09:00,arrived,4.6,23.9,3,4,False,34,4.8,0.4,2.0,False,0.0,合成履歴。定刻到着
SHP-ML-0397,SUP-01,STR-06,2026-04-23T12:37:12+09:00,2026-04-23T12:37:12+09:00,arrived,4.62,25.0,3,4,False,96,4.8,0.2,1.5,False,0.0,合成履歴。定刻到着
SHP-ML-0398,SUP-02,STR-06,2026-04-23T12:37:48+09:00,2026-04-23T12:37:48+09:00,arrived,4.63,25.4,3,4,False,65,4.8,0.3636,1.5,False,0.0,合成履歴。定刻到着
SHP-ML-0399,SUP-03,STR-01,2026-04-24T12:28:48+09:00,2026-04-24T12:28:48+09:00,arrived,4.48,19.3,4,4,False,50,0.0,0.0,2.0,False,0.0,合成履歴。定刻到着
SHP-ML-0400,SUP-05,STR-04,2026-04-24T15:42:00+09:00,2026-04-24T15:42:00+09:00,arrived,7.7,147.8,4,4,False,75,0.0,0.5,1.0,False,0.0,合成履歴。定刻到着
SHP-ML-0401,SUP-01,STR-02,2026-04-25T12:19:48+09:00,2026-04-25T12:19:48+09:00,arrived,4.33,13.4,5,4,False,55,3.4,0.2,2.5,False,0.0,合成履歴。定刻到着
SHP-ML-0402,SUP-04,STR-06,2026-04-25T13:07:12+09:00,2026-04-27T00:43:12+09:00,arrived,5.12,44.8,5,4,False,13,3.4,0.2,1.5,True,35.6,合成履歴。遅延
SHP-ML-0403,SUP-05,STR-02,2026-04-25T15:30:36+09:00,2026-04-25T15:30:36+09:00,arrived,7.51,140.4,5,4,False,62,3.4,0.3333,2.5,False,0.0,合成履歴。定刻到着
SHP-ML-0404,SUP-02,STR-06,2026-04-26T12:37:48+09:00,2026-04-26T12:37:48+09:00,arrived,4.63,25.4,6,4,False,98,29.6,0.3333,1.5,False,0.0,合成履歴。定刻到着
SHP-ML-0405,SUP-02,STR-02,2026-04-26T12:45:36+09:00,2026-04-26T12:45:36+09:00,arrived,4.76,30.4,6,4,False,56,29.6,0.3,2.5,False,0.0,合成履歴。定刻到着
SHP-ML-0406,SUP-02,STR-05,2026-04-26T13:05:24+09:00,2026-04-27T17:53:24+09:00,arrived,5.09,43.6,6,4,False,68,29.6,0.2727,2.0,True,28.8,合成履歴。遅延
SHP-ML-0407,SUP-03,STR-02,2026-05-01T12:16:12+09:00,2026-05-01T12:16:12+09:00,arrived,4.27,10.9,4,5,False,35,0.0,0.0,2.5,False,0.0,合成履歴。定刻到着
SHP-ML-0408,SUP-01,STR-04,2026-05-01T12:26:24+09:00,2026-05-02T03:14:24+09:00,arrived,4.44,17.6,4,5,False,82,0.0,0.1538,1.0,True,14.8,合成履歴。遅延
SHP-ML-0409,SUP-02,STR-02,2026-05-02T12:45:36+09:00,2026-05-02T12:45:36+09:00,arrived,4.76,30.4,5,5,False,17,0.7,0.2727,2.5,False,0.0,合成履歴。定刻到着
SHP-ML-0410,SUP-02,STR-04,2026-05-02T12:55:48+09:00,2026-05-02T12:55:48+09:00,arrived,4.93,37.1,5,5,False,57,0.7,0.25,1.0,False,0.0,合成履歴。定刻到着
SHP-ML-0411,SUP-04,STR-04,2026-05-02T12:58:48+09:00,2026-05-02T12:58:48+09:00,arrived,4.98,39.2,5,5,False,16,0.7,0.3333,1.0,False,0.0,合成履歴。定刻到着
SHP-ML-0412,SUP-02,STR-04,2026-05-03T12:55:48+09:00,2026-05-03T12:55:48+09:00,arrived,4.93,37.1,6,5,True,52,0.0,0.2308,1.0,False,0.0,合成履歴。定刻到着
SHP-ML-0413,SUP-03,STR-04,2026-05-05T12:04:48+09:00,2026-05-05T12:04:48+09:00,arrived,4.08,3.2,1,5,True,60,21.8,0.0,1.0,False,0.0,合成履歴。定刻到着
SHP-ML-0414,SUP-04,STR-04,2026-05-05T12:58:48+09:00,2026-05-05T12:58:48+09:00,arrived,4.98,39.2,1,5,True,52,21.8,0.2857,1.0,False,0.0,合成履歴。定刻到着
SHP-ML-0415,SUP-04,STR-02,2026-05-06T13:01:12+09:00,2026-05-06T13:01:12+09:00,arrived,5.02,40.9,2,5,False,98,0.0,0.2857,2.5,False,0.0,合成履歴。定刻到着
SHP-ML-0416,SUP-04,STR-05,2026-05-06T13:34:48+09:00,2026-05-07T20:52:48+09:00,arrived,5.58,63.4,2,5,False,8,0.0,0.2857,2.0,True,31.3,合成履歴。遅延
SHP-ML-0417,SUP-02,STR-04,2026-05-07T12:55:48+09:00,2026-05-07T12:55:48+09:00,arrived,4.93,37.1,3,5,False,52,0.0,0.2143,1.0,False,0.0,合成履歴。定刻到着
SHP-ML-0418,SUP-05,STR-04,2026-05-07T15:42:00+09:00,2026-05-07T15:42:00+09:00,arrived,7.7,147.8,3,5,False,76,0.0,0.0,1.0,False,0.0,合成履歴。定刻到着
SHP-ML-0419,SUP-03,STR-02,2026-05-08T12:16:12+09:00,2026-05-08T12:16:12+09:00,arrived,4.27,10.9,4,5,False,55,0.0,0.0,2.5,False,0.0,合成履歴。定刻到着
SHP-ML-0420,SUP-01,STR-06,2026-05-09T12:37:12+09:00,2026-05-09T12:37:12+09:00,arrived,4.62,25.0,5,5,False,134,0.7,0.2727,1.5,False,0.0,合成履歴。定刻到着
SHP-ML-0421,SUP-02,STR-02,2026-05-10T12:45:36+09:00,2026-05-10T12:45:36+09:00,arrived,4.76,30.4,6,5,False,100,0.0,0.2,2.5,False,0.0,合成履歴。定刻到着
SHP-ML-0422,SUP-05,STR-02,2026-05-10T15:30:36+09:00,2026-05-10T15:30:36+09:00,arrived,7.51,140.4,6,5,False,38,0.0,0.0,2.5,False,0.0,合成履歴。定刻到着
SHP-ML-0423,SUP-01,STR-05,2026-05-12T12:37:48+09:00,2026-05-12T12:37:48+09:00,arrived,4.63,25.4,1,5,False,50,0.0,0.3,2.0,False,0.0,合成履歴。定刻到着
SHP-ML-0424,SUP-02,STR-04,2026-05-12T12:55:48+09:00,2026-05-12T12:55:48+09:00,arrived,4.93,37.1,1,5,False,33,0.0,0.1875,1.0,False,0.0,合成履歴。定刻到着
SHP-ML-0425,SUP-04,STR-02,2026-05-13T13:01:12+09:00,2026-05-13T13:01:12+09:00,arrived,5.02,40.9,2,5,False,65,0.0,0.375,2.5,False,0.0,合成履歴。定刻到着
SHP-ML-0426,SUP-03,STR-04,2026-05-14T12:04:48+09:00,2026-05-15T04:10:48+09:00,arrived,4.08,3.2,3,5,False,87,28.0,0.0,1.0,True,16.1,合成履歴。遅延
SHP-ML-0427,SUP-01,STR-01,2026-05-14T12:05:24+09:00,2026-05-14T12:05:24+09:00,arrived,4.09,3.8,3,5,False,91,28.0,0.2727,2.0,False,0.0,合成履歴。定刻到着
SHP-ML-0428,SUP-05,STR-04,2026-05-14T15:42:00+09:00,2026-05-16T08:54:00+09:00,arrived,7.7,147.8,3,5,False,45,28.0,0.0,1.0,True,41.2,合成履歴。遅延
SHP-ML-0429,SUP-02,STR-05,2026-05-15T13:05:24+09:00,2026-05-16T04:35:24+09:00,arrived,5.09,43.6,4,5,False,48,0.0,0.1429,2.0,True,15.5,合成履歴。遅延
SHP-ML-0430,SUP-01,STR-01,2026-05-16T12:05:24+09:00,2026-05-16T12:05:24+09:00,arrived,4.09,3.8,5,5,False,30,0.0,0.2727,2.0,False,0.0,合成履歴。定刻到着
SHP-ML-0431,SUP-01,STR-04,2026-05-16T12:26:24+09:00,2026-05-16T12:26:24+09:00,arrived,4.44,17.6,5,5,False,26,0.0,0.25,1.0,False,0.0,合成履歴。定刻到着
SHP-ML-0432,SUP-01,STR-03,2026-05-16T12:31:48+09:00,2026-05-16T12:31:48+09:00,arrived,4.53,21.2,5,5,False,20,0.0,0.2308,3.0,False,0.0,合成履歴。定刻到着
SHP-ML-0433,SUP-02,STR-06,2026-05-16T12:37:48+09:00,2026-05-16T12:37:48+09:00,arrived,4.63,25.4,5,5,False,34,0.0,0.2,1.5,False,0.0,合成履歴。定刻到着
SHP-ML-0434,SUP-04,STR-06,2026-05-16T13:07:12+09:00,2026-05-16T13:07:12+09:00,arrived,5.12,44.8,5,5,False,22,0.0,0.25,1.5,False,0.0,合成履歴。定刻到着
SHP-ML-0435,SUP-01,STR-01,2026-05-18T12:05:24+09:00,2026-05-18T12:05:24+09:00,arrived,4.09,3.8,0,5,False,28,0.0,0.2308,2.0,False,0.0,合成履歴。定刻到着
SHP-ML-0436,SUP-03,STR-01,2026-05-18T12:28:48+09:00,2026-05-18T12:28:48+09:00,arrived,4.48,19.3,0,5,False,84,0.0,0.2,2.0,False,0.0,合成履歴。定刻到着
SHP-ML-0437,SUP-01,STR-05,2026-05-18T12:37:48+09:00,2026-05-18T12:37:48+09:00,arrived,4.63,25.4,0,5,False,55,0.0,0.2308,2.0,False,0.0,合成履歴。定刻到着
SHP-ML-0438,SUP-02,STR-04,2026-05-19T12:55:48+09:00,2026-05-20T05:43:48+09:00,arrived,4.93,37.1,1,5,False,87,10.4,0.1875,1.0,True,16.8,合成履歴。遅延
SHP-ML-0439,SUP-02,STR-04,2026-05-20T12:55:48+09:00,2026-05-20T12:55:48+09:00,arrived,4.93,37.1,2,5,False,74,0.0,0.2667,1.0,False,0.0,合成履歴。定刻到着
SHP-ML-0440,SUP-05,STR-04,2026-05-20T15:42:00+09:00,2026-05-20T15:42:00+09:00,arrived,7.7,147.8,2,5,False,31,0.0,0.2,1.0,False,0.0,合成履歴。定刻到着
SHP-ML-0441,SUP-03,STR-04,2026-05-21T12:04:48+09:00,2026-05-21T12:04:48+09:00,arrived,4.08,3.2,3,5,False,24,0.0,0.1667,1.0,False,0.0,合成履歴。定刻到着
SHP-ML-0442,SUP-03,STR-01,2026-05-22T12:28:48+09:00,2026-05-23T05:28:48+09:00,arrived,4.48,19.3,4,5,False,11,0.0,0.1429,2.0,True,17.0,合成履歴。遅延
SHP-ML-0443,SUP-02,STR-04,2026-05-22T12:55:48+09:00,2026-05-22T12:55:48+09:00,arrived,4.93,37.1,4,5,False,39,0.0,0.2,1.0,False,0.0,合成履歴。定刻到着
SHP-ML-0444,SUP-04,STR-02,2026-05-22T13:01:12+09:00,2026-05-23T18:13:12+09:00,arrived,5.02,40.9,4,5,False,48,0.0,0.2857,2.5,True,29.2,合成履歴。遅延
SHP-ML-0445,SUP-05,STR-05,2026-05-23T15:49:12+09:00,2026-05-23T15:49:12+09:00,arrived,7.82,152.7,5,5,False,49,0.0,0.1667,2.0,False,0.0,合成履歴。定刻到着
SHP-ML-0446,SUP-05,STR-04,2026-05-24T15:42:00+09:00,2026-05-26T11:30:00+09:00,arrived,7.7,147.8,6,5,False,75,5.2,0.1429,1.0,True,43.8,合成履歴。遅延
SHP-ML-0447,SUP-01,STR-04,2026-05-25T12:26:24+09:00,2026-05-25T12:26:24+09:00,arrived,4.44,17.6,0,5,False,8,0.0,0.1111,1.0,False,0.0,合成履歴。定刻到着
SHP-ML-0448,SUP-02,STR-06,2026-05-27T12:37:48+09:00,2026-05-27T12:37:48+09:00,arrived,4.63,25.4,2,5,False,56,0.0,0.1818,1.5,False,0.0,合成履歴。定刻到着
SHP-ML-0449,SUP-02,STR-02,2026-05-27T12:45:36+09:00,2026-05-27T12:45:36+09:00,arrived,4.76,30.4,2,5,False,55,0.0,0.1667,2.5,False,0.0,合成履歴。定刻到着
SHP-ML-0450,SUP-01,STR-01,2026-05-28T12:05:24+09:00,2026-05-28T12:05:24+09:00,arrived,4.09,3.8,3,5,False,63,0.0,0.1,2.0,False,0.0,合成履歴。定刻到着
SHP-ML-0451,SUP-01,STR-04,2026-05-28T12:26:24+09:00,2026-05-28T12:26:24+09:00,arrived,4.44,17.6,3,5,False,33,0.0,0.0909,1.0,False,0.0,合成履歴。定刻到着
SHP-ML-0452,SUP-02,STR-05,2026-05-28T13:05:24+09:00,2026-05-28T13:05:24+09:00,arrived,5.09,43.6,3,5,False,73,0.0,0.1538,2.0,False,0.0,合成履歴。定刻到着
SHP-ML-0453,SUP-02,STR-02,2026-05-29T12:45:36+09:00,2026-05-30T16:27:36+09:00,arrived,4.76,30.4,4,5,False,38,0.0,0.1429,2.5,True,27.7,合成履歴。遅延
SHP-ML-0454,SUP-01,STR-03,2026-05-31T12:31:48+09:00,2026-05-31T12:31:48+09:00,arrived,4.53,21.2,6,5,False,58,4.1,0.0,3.0,False,0.0,合成履歴。定刻到着
SHP-ML-0455,SUP-01,STR-06,2026-05-31T12:37:12+09:00,2026-05-31T12:37:12+09:00,arrived,4.62,25.0,6,5,False,69,4.1,0.0,1.5,False,0.0,合成履歴。定刻到着
SHP-ML-0456,SUP-04,STR-04,2026-05-31T12:58:48+09:00,2026-05-31T12:58:48+09:00,arrived,4.98,39.2,6,5,False,72,4.1,0.2857,1.0,False,0.0,合成履歴。定刻到着
SHP-ML-0457,SUP-04,STR-03,2026-05-31T13:26:24+09:00,2026-05-31T13:26:24+09:00,arrived,5.44,57.6,6,5,False,31,4.1,0.25,3.0,False,0.0,合成履歴。定刻到着
SHP-ML-0458,SUP-03,STR-03,2026-06-01T12:29:24+09:00,2026-06-01T12:29:24+09:00,arrived,4.49,19.6,0,6,False,27,14.6,0.3333,3.0,False,0.0,合成履歴。定刻到着
SHP-ML-0459,SUP-02,STR-06,2026-06-01T12:37:48+09:00,2026-06-01T12:37:48+09:00,arrived,4.63,25.4,0,6,False,60,14.6,0.2,1.5,False,0.0,合成履歴。定刻到着
SHP-ML-0460,SUP-02,STR-03,2026-06-01T13:01:12+09:00,2026-06-02T01:07:12+09:00,arrived,5.02,40.9,0,6,False,87,14.6,0.2143,3.0,True,12.1,合成履歴。遅延
SHP-ML-0461,SUP-02,STR-06,2026-06-02T12:37:48+09:00,2026-06-02T12:37:48+09:00,arrived,4.63,25.4,1,6,False,54,0.0,0.2667,1.5,False,0.0,合成履歴。定刻到着
SHP-ML-0462,SUP-01,STR-05,2026-06-03T12:37:48+09:00,2026-06-03T12:37:48+09:00,arrived,4.63,25.4,2,6,False,29,0.0,0.0,2.0,False,0.0,合成履歴。定刻到着
SHP-ML-0463,SUP-02,STR-04,2026-06-03T12:55:48+09:00,2026-06-03T12:55:48+09:00,arrived,4.93,37.1,2,6,False,66,0.0,0.2667,1.0,False,0.0,合成履歴。定刻到着
SHP-ML-0464,SUP-01,STR-06,2026-06-04T12:37:12+09:00,2026-06-04T12:37:12+09:00,arrived,4.62,25.0,3,6,False,34,0.0,0.0,1.5,False,0.0,合成履歴。定刻到着
SHP-ML-0465,SUP-02,STR-04,2026-06-04T12:55:48+09:00,2026-06-04T12:55:48+09:00,arrived,4.93,37.1,3,6,False,27,0.0,0.25,1.0,False,0.0,合成履歴。定刻到着
SHP-ML-0466,SUP-02,STR-03,2026-06-07T13:01:12+09:00,2026-06-07T13:01:12+09:00,arrived,5.02,40.9,6,6,False,58,3.8,0.25,3.0,False,0.0,合成履歴。定刻到着
SHP-ML-0467,SUP-01,STR-02,2026-06-08T12:19:48+09:00,2026-06-08T12:19:48+09:00,arrived,4.33,13.4,0,6,False,49,0.0,0.0,2.5,False,0.0,合成履歴。定刻到着
SHP-ML-0468,SUP-02,STR-05,2026-06-08T13:05:24+09:00,2026-06-08T13:05:24+09:00,arrived,5.09,43.6,0,6,False,35,0.0,0.2353,2.0,False,0.0,合成履歴。定刻到着
SHP-ML-0469,SUP-04,STR-03,2026-06-08T13:26:24+09:00,2026-06-08T13:26:24+09:00,arrived,5.44,57.6,0,6,False,65,0.0,0.2,3.0,False,0.0,合成履歴。定刻到着
SHP-ML-0470,SUP-01,STR-03,2026-06-09T12:31:48+09:00,2026-06-09T12:31:48+09:00,arrived,4.53,21.2,1,6,False,60,9.9,0.0,3.0,False,0.0,合成履歴。定刻到着
SHP-ML-0471,SUP-01,STR-04,2026-06-10T12:26:24+09:00,2026-06-11T04:02:24+09:00,arrived,4.44,17.6,2,6,False,65,0.0,0.0,1.0,True,15.6,合成履歴。遅延
SHP-ML-0472,SUP-01,STR-05,2026-06-10T12:37:48+09:00,2026-06-10T12:37:48+09:00,arrived,4.63,25.4,2,6,False,76,0.0,0.0588,2.0,False,0.0,合成履歴。定刻到着
SHP-ML-0473,SUP-04,STR-03,2026-06-12T13:26:24+09:00,2026-06-12T13:26:24+09:00,arrived,5.44,57.6,4,6,False,39,0.0,0.2,3.0,False,0.0,合成履歴。定刻到着
SHP-ML-0474,SUP-04,STR-05,2026-06-13T13:34:48+09:00,2026-06-13T13:34:48+09:00,arrived,5.58,63.4,5,6,False,76,15.1,0.1667,2.0,False,0.0,合成履歴。定刻到着
SHP-ML-0475,SUP-03,STR-05,2026-06-14T12:38:24+09:00,2026-06-14T12:38:24+09:00,arrived,4.64,25.7,6,6,False,71,3.8,0.25,2.0,False,0.0,合成履歴。定刻到着
SHP-ML-0476,SUP-03,STR-01,2026-06-15T12:28:48+09:00,2026-06-15T12:28:48+09:00,arrived,4.48,19.3,0,6,False,46,0.0,0.2,2.0,False,0.0,合成履歴。定刻到着
SHP-ML-0477,SUP-04,STR-02,2026-06-15T13:01:12+09:00,2026-06-15T13:01:12+09:00,arrived,5.02,40.9,0,6,False,55,0.0,0.1429,2.5,False,0.0,合成履歴。定刻到着
SHP-ML-0478,SUP-02,STR-05,2026-06-15T13:05:24+09:00,2026-06-15T13:05:24+09:00,arrived,5.09,43.6,0,6,False,60,0.0,0.2143,2.0,False,0.0,合成履歴。定刻到着
SHP-ML-0479,SUP-05,STR-03,2026-06-15T15:47:24+09:00,2026-06-15T15:47:24+09:00,arrived,7.79,151.5,0,6,False,47,0.0,0.3333,3.0,False,0.0,合成履歴。定刻到着
SHP-ML-0480,SUP-01,STR-05,2026-06-18T12:37:48+09:00,2026-06-18T12:37:48+09:00,arrived,4.63,25.4,3,6,False,70,2.9,0.0909,2.0,False,0.0,合成履歴。定刻到着
SHP-ML-0481,SUP-04,STR-04,2026-06-18T12:58:48+09:00,2026-06-19T11:58:48+09:00,arrived,4.98,39.2,3,6,False,37,2.9,0.1429,1.0,True,23.0,合成履歴。遅延
SHP-ML-0482,SUP-02,STR-05,2026-06-18T13:05:24+09:00,2026-06-18T13:05:24+09:00,arrived,5.09,43.6,3,6,False,46,2.9,0.1429,2.0,False,0.0,合成履歴。定刻到着
SHP-ML-0483,SUP-05,STR-04,2026-06-21T15:42:00+09:00,2026-06-21T15:42:00+09:00,arrived,7.7,147.8,6,6,False,20,0.0,0.3333,1.0,False,0.0,合成履歴。定刻到着
SHP-ML-0484,SUP-05,STR-04,2026-06-23T15:42:00+09:00,2026-06-23T15:42:00+09:00,arrived,7.7,147.8,1,6,False,66,0.0,0.3333,1.0,False,0.0,合成履歴。定刻到着
SHP-ML-0485,SUP-01,STR-05,2026-06-27T12:37:48+09:00,2026-06-27T12:37:48+09:00,arrived,4.63,25.4,5,6,False,49,0.0,0.1111,2.0,False,0.0,合成履歴。定刻到着
SHP-ML-0486,SUP-04,STR-04,2026-06-27T12:58:48+09:00,2026-06-28T08:34:48+09:00,arrived,4.98,39.2,5,6,False,56,0.0,0.1429,1.0,True,19.6,合成履歴。遅延
SHP-ML-0487,SUP-01,STR-02,2026-06-28T12:19:48+09:00,2026-06-28T12:19:48+09:00,arrived,4.33,13.4,6,6,False,19,6.2,0.1,2.5,False,0.0,合成履歴。定刻到着
SHP-ML-0488,SUP-01,STR-04,2026-06-28T12:26:24+09:00,2026-06-28T12:26:24+09:00,arrived,4.44,17.6,6,6,False,62,6.2,0.0909,1.0,False,0.0,合成履歴。定刻到着
SHP-ML-0489,SUP-03,STR-05,2026-06-29T12:38:24+09:00,2026-06-29T12:38:24+09:00,arrived,4.64,25.7,0,6,False,27,0.0,0.0,2.0,False,0.0,合成履歴。定刻到着
SHP-ML-0490,SUP-03,STR-06,2026-06-29T12:46:48+09:00,2026-06-29T12:46:48+09:00,arrived,4.78,31.1,0,6,False,61,0.0,0.0,1.5,False,0.0,合成履歴。定刻到着
SHP-ML-0491,SUP-03,STR-06,2026-06-30T12:46:48+09:00,2026-06-30T12:46:48+09:00,arrived,4.78,31.1,1,6,False,26,4.4,0.0,1.5,False,0.0,合成履歴。定刻到着
SHP-ML-0492,SUP-02,STR-02,2026-07-01T12:45:36+09:00,2026-07-01T12:45:36+09:00,arrived,4.76,30.4,2,7,False,72,0.0,0.125,2.5,False,0.0,合成履歴。定刻到着
SHP-ML-0493,SUP-02,STR-03,2026-07-01T13:01:12+09:00,2026-07-01T13:01:12+09:00,arrived,5.02,40.9,2,7,False,47,0.0,0.1111,3.0,False,0.0,合成履歴。定刻到着
SHP-ML-0494,SUP-04,STR-05,2026-07-01T13:34:48+09:00,2026-07-03T03:34:48+09:00,arrived,5.58,63.4,2,7,False,56,0.0,0.3333,2.0,True,38.0,合成履歴。遅延
SHP-ML-0495,SUP-03,STR-04,2026-07-03T12:04:48+09:00,2026-07-03T12:04:48+09:00,arrived,4.08,3.2,4,7,False,79,0.0,0.0,1.0,False,0.0,合成履歴。定刻到着
SHP-ML-0496,SUP-03,STR-01,2026-07-07T12:28:48+09:00,2026-07-07T12:28:48+09:00,arrived,4.48,19.3,1,7,False,61,0.0,0.0,2.0,False,0.0,合成履歴。定刻到着
SHP-ML-0497,SUP-02,STR-04,2026-07-07T12:55:48+09:00,2026-07-07T12:55:48+09:00,arrived,4.93,37.1,1,7,False,35,0.0,0.0,1.0,False,0.0,合成履歴。定刻到着
SHP-ML-0498,SUP-04,STR-06,2026-07-07T13:07:12+09:00,2026-07-07T13:07:12+09:00,arrived,5.12,44.8,1,7,False,56,0.0,0.4286,1.5,False,0.0,合成履歴。定刻到着
SHP-ML-0499,SUP-02,STR-01,2026-07-08T12:36:00+09:00,2026-07-08T19:06:00+09:00,arrived,4.6,23.9,2,7,False,74,23.4,0.0,2.0,True,6.5,合成履歴。遅延
SHP-ML-0500,SUP-01,STR-05,2026-07-08T12:37:48+09:00,2026-07-08T12:37:48+09:00,arrived,4.63,25.4,2,7,False,56,23.4,0.1429,2.0,False,0.0,合成履歴。定刻到着
