id,shipmentId,storeId,productId,shortageAt,delayHours,coverHours,impactedLines,shortageQuantity,amountExTax,evidence
IMPACT-ML-0001,SHP-ML-0008,STR-06,PRD-002,2025-07-13T00:37:48+09:00,58.6,36.0,2,3,1800.0,合成欠品記録。遅延時間が店舗の在庫余力を超えた便から生成。
IMPACT-ML-0002,SHP-ML-0037,STR-02,PRD-005,2025-08-04T00:16:12+09:00,63.3,60.0,1,1,550.0,合成欠品記録。遅延時間が店舗の在庫余力を超えた便から生成。
IMPACT-ML-0003,SHP-ML-0048,STR-04,PRD-001,2025-08-07T08:19:48+09:00,19.4,24.0,5,12,6000.0,合成欠品記録。遅延時間が店舗の在庫余力を超えた便から生成。
IMPACT-ML-0004,SHP-ML-0049,STR-04,PRD-008,2025-08-08T12:26:24+09:00,49.5,24.0,4,4,2200.0,合成欠品記録。遅延時間が店舗の在庫余力を超えた便から生成。
IMPACT-ML-0005,SHP-ML-0058,STR-03,PRD-007,2025-08-15T12:31:48+09:00,96.0,72.0,1,3,1200.0,合成欠品記録。遅延時間が店舗の在庫余力を超えた便から生成。
IMPACT-ML-0006,SHP-ML-0071,STR-06,PRD-008,2025-08-26T00:37:12+09:00,49.4,36.0,1,1,550.0,合成欠品記録。遅延時間が店舗の在庫余力を超えた便から生成。
IMPACT-ML-0007,SHP-ML-0086,STR-06,PRD-004,2025-09-05T00:46:48+09:00,56.8,36.0,1,3,1050.0,合成欠品記録。遅延時間が店舗の在庫余力を超えた便から生成。
IMPACT-ML-0008,SHP-ML-0101,STR-05,PRD-001,2025-09-17T09:53:24+09:00,44.8,48.0,6,12,6000.0,合成欠品記録。遅延時間が店舗の在庫余力を超えた便から生成。
IMPACT-ML-0009,SHP-ML-0106,STR-06,PRD-001,2025-09-22T00:37:48+09:00,54.8,36.0,4,7,3500.0,合成欠品記録。遅延時間が店舗の在庫余力を超えた便から生成。
IMPACT-ML-0010,SHP-ML-0114,STR-03,PRD-006,2025-09-29T12:29:24+09:00,96.0,72.0,2,4,2000.0,合成欠品記録。遅延時間が店舗の在庫余力を超えた便から生成。
IMPACT-ML-0011,SHP-ML-0115,STR-06,PRD-011,2025-09-29T00:37:12+09:00,53.8,36.0,2,3,1050.0,合成欠品記録。遅延時間が店舗の在庫余力を超えた便から生成。
IMPACT-ML-0012,SHP-ML-0162,STR-06,PRD-001,2025-11-04T00:37:48+09:00,53.2,36.0,2,4,2000.0,合成欠品記録。遅延時間が店舗の在庫余力を超えた便から生成。
IMPACT-ML-0013,SHP-ML-0169,STR-01,PRD-002,2025-11-08T12:36:00+09:00,82.6,48.0,5,12,7200.0,合成欠品記録。遅延時間が店舗の在庫余力を超えた便から生成。
IMPACT-ML-0014,SHP-ML-0183,STR-05,PRD-007,2025-11-19T02:49:48+09:00,38.2,48.0,3,3,1200.0,合成欠品記録。遅延時間が店舗の在庫余力を超えた便から生成。
IMPACT-ML-0015,SHP-ML-0200,STR-05,PRD-007,2025-12-03T12:37:48+09:00,56.9,48.0,1,3,1200.0,合成欠品記録。遅延時間が店舗の在庫余力を超えた便から生成。
IMPACT-ML-0016,SHP-ML-0215,STR-05,PRD-003,2025-12-14T04:46:48+09:00,39.2,48.0,3,7,4550.0,合成欠品記録。遅延時間が店舗の在庫余力を超えた便から生成。
IMPACT-ML-0017,SHP-ML-0219,STR-04,PRD-008,2025-12-16T12:26:24+09:00,32.4,24.0,1,2,1100.0,合成欠品記録。遅延時間が店舗の在庫余力を超えた便から生成。
IMPACT-ML-0018,SHP-ML-0232,STR-04,PRD-002,2025-12-26T12:55:48+09:00,28.9,24.0,3,4,2400.0,合成欠品記録。遅延時間が店舗の在庫余力を超えた便から生成。
IMPACT-ML-0019,SHP-ML-0254,STR-04,PRD-007,2026-01-13T12:26:24+09:00,26.3,24.0,5,7,2800.0,合成欠品記録。遅延時間が店舗の在庫余力を超えた便から生成。
IMPACT-ML-0020,SHP-ML-0280,STR-04,PRD-003,2026-01-31T02:16:48+09:00,13.3,24.0,3,6,3900.0,合成欠品記録。遅延時間が店舗の在庫余力を超えた便から生成。
IMPACT-ML-0021,SHP-ML-0283,STR-04,PRD-002,2026-02-01T12:55:48+09:00,46.0,24.0,2,2,1200.0,合成欠品記録。遅延時間が店舗の在庫余力を超えた便から生成。
IMPACT-ML-0022,SHP-ML-0291,STR-04,PRD-010,2026-02-05T03:36:00+09:00,11.9,24.0,1,2,1100.0,合成欠品記録。遅延時間が店舗の在庫余力を超えた便から生成。
IMPACT-ML-0023,SHP-ML-0314,STR-05,PRD-001,2026-02-26T06:29:24+09:00,41.4,48.0,4,5,2500.0,合成欠品記録。遅延時間が店舗の在庫余力を超えた便から生成。
IMPACT-ML-0024,SHP-ML-0340,STR-06,PRD-002,2026-03-09T23:01:48+09:00,34.4,36.0,1,1,600.0,合成欠品記録。遅延時間が店舗の在庫余力を超えた便から生成。
IMPACT-ML-0025,SHP-ML-0365,STR-06,PRD-001,2026-03-30T20:01:48+09:00,7.4,36.0,4,5,2500.0,合成欠品記録。遅延時間が店舗の在庫余力を超えた便から生成。
IMPACT-ML-0026,SHP-ML-0392,STR-04,PRD-007,2026-04-22T12:26:24+09:00,34.1,24.0,1,4,1600.0,合成欠品記録。遅延時間が店舗の在庫余力を超えた便から生成。
IMPACT-ML-0027,SHP-ML-0395,STR-02,PRD-011,2026-04-25T11:25:48+09:00,47.1,60.0,1,2,700.0,合成欠品記録。遅延時間が店舗の在庫余力を超えた便から生成。
IMPACT-ML-0028,SHP-ML-0428,STR-04,PRD-010,2026-05-15T15:42:00+09:00,41.2,24.0,2,4,2200.0,合成欠品記録。遅延時間が店舗の在庫余力を超えた便から生成。
IMPACT-ML-0029,SHP-ML-0438,STR-04,PRD-001,2026-05-20T05:43:48+09:00,16.8,24.0,3,7,3500.0,合成欠品記録。遅延時間が店舗の在庫余力を超えた便から生成。
IMPACT-ML-0030,SHP-ML-0446,STR-04,PRD-010,2026-05-25T15:42:00+09:00,43.8,24.0,3,4,2200.0,合成欠品記録。遅延時間が店舗の在庫余力を超えた便から生成。
